"batchId ,",1.0,",overall_accuracy, ",77.5,",step_accuracy, ",77.5,",models, ","Counter({'ResNet50': 1, 'InceptionV3': 1, 'MobileNet': 1, 'MobileNetV2': 1, 'DenseNet121': 1, 'NASNetMobile': 1})",",",6,",","[[('ResNet50V2', <tensorflow.python.keras.engine.functional.Functional object at 0x7f5ec02ea2b0>)], [('Xception', <tensorflow.python.keras.engine.functional.Functional object at 0x7f5eb4173dd8>)]]"
"batchId ,",2.0,",overall_accuracy, ",77.25,",step_accuracy, ",77.0,",models, ","Counter({'ResNet50': 1, 'InceptionV3': 1, 'MobileNet': 1, 'MobileNetV2': 1, 'DenseNet121': 1, 'NASNetMobile': 1})",",",6,",",None
"batchId ,",3.0,",overall_accuracy, ",77.66666666666666,",step_accuracy, ",78.5,",models, ","Counter({'InceptionV3': 1, 'MobileNet': 1, 'MobileNetV2': 1, 'DenseNet121': 1, 'NASNetMobile': 1})",",",5,",","[[('ResNet50', <tensorflow.python.keras.engine.functional.Functional object at 0x7f5f2041f3c8>)]]"
"batchId ,",4.0,",overall_accuracy, ",76.125,",step_accuracy, ",71.5,",models, ","Counter({'InceptionV3': 1, 'MobileNet': 1, 'MobileNetV2': 1, 'DenseNet121': 1, 'NASNetMobile': 1, 'Xception': 1})",",",6,",",['Xception']
"batchId ,",5.0,",overall_accuracy, ",76.5,",step_accuracy, ",78.0,",models, ","Counter({'InceptionV3': 1, 'MobileNetV2': 1, 'NASNetMobile': 1, 'Xception': 1})",",",4,",","[[('MobileNet', <tensorflow.python.keras.engine.functional.Functional object at 0x7f5eb46e22b0>)], [('DenseNet121', <tensorflow.python.keras.engine.functional.Functional object at 0x7f5e54257748>)]]"
"batchId ,",6.0,",overall_accuracy, ",76.08333333333334,",step_accuracy, ",74.0,",models, ","Counter({'InceptionV3': 1, 'MobileNetV2': 1, 'NASNetMobile': 1, 'Xception': 1})",",",4,",",None
"batchId ,",7.0,",overall_accuracy, ",75.64285714285714,",step_accuracy, ",73.0,",models, ","Counter({'InceptionV3': 1, 'MobileNetV2': 1, 'NASNetMobile': 1, 'Xception': 1, 'DenseNet121': 1})",",",5,",",['DenseNet121']
"batchId ,",8.0,",overall_accuracy, ",76.0625,",step_accuracy, ",79.0,",models, ","Counter({'InceptionV3': 1, 'NASNetMobile': 1, 'DenseNet121': 1})",",",3,",","[[('MobileNetV2', <tensorflow.python.keras.engine.functional.Functional object at 0x7f5e9c2471d0>)], [['Xception', <tensorflow.python.keras.engine.functional.Functional object at 0x7f5d0c4a5080>]]]"
"batchId ,",9.0,",overall_accuracy, ",76.61111111111111,",step_accuracy, ",81.0,",models, ","Counter({'NASNetMobile': 1, 'DenseNet121': 1})",",",2,",","[[('InceptionV3', <tensorflow.python.keras.engine.functional.Functional object at 0x7f5ee01d0898>)]]"
"batchId ,",10.0,",overall_accuracy, ",76.05,",step_accuracy, ",71.0,",models, ","Counter({'NASNetMobile': 1, 'DenseNet121': 1, 'Xception': 1})",",",3,",",['Xception']
"batchId ,",11.0,",overall_accuracy, ",75.72727272727273,",step_accuracy, ",72.5,",models, ","Counter({'NASNetMobile': 1, 'DenseNet121': 1, 'Xception': 1, 'MobileNet': 1})",",",4,",",['MobileNet']
"batchId ,",12.0,",overall_accuracy, ",75.16666666666667,",step_accuracy, ",69.0,",models, ","Counter({'NASNetMobile': 1, 'DenseNet121': 1, 'Xception': 1, 'MobileNet': 1, 'MobileNetV2': 1})",",",5,",",['MobileNetV2']
"batchId ,",13.0,",overall_accuracy, ",75.23076923076924,",step_accuracy, ",76.0,",models, ","Counter({'NASNetMobile': 1, 'DenseNet121': 1, 'Xception': 1, 'MobileNet': 1, 'MobileNetV2': 1})",",",5,",",None
"batchId ,",14.0,",overall_accuracy, ",74.67857142857143,",step_accuracy, ",67.5,",models, ","Counter({'NASNetMobile': 1, 'DenseNet121': 1, 'Xception': 1, 'MobileNet': 1, 'MobileNetV2': 1, 'InceptionV3': 1})",",",6,",",['InceptionV3']
"batchId ,",15.0,",overall_accuracy, ",74.76666666666667,",step_accuracy, ",76.0,",models, ","Counter({'NASNetMobile': 1, 'DenseNet121': 1, 'Xception': 1, 'MobileNet': 1, 'MobileNetV2': 1, 'InceptionV3': 1})",",",6,",",None
"batchId ,",16.0,",overall_accuracy, ",74.5625,",step_accuracy, ",71.5,",models, ","Counter({'NASNetMobile': 1, 'DenseNet121': 1, 'Xception': 1, 'MobileNet': 1, 'MobileNetV2': 1, 'InceptionV3': 1, 'ResNet50V2': 1})",",",7,",",['ResNet50V2']
"batchId ,",17.0,",overall_accuracy, ",74.79411764705883,",step_accuracy, ",78.5,",models, ","Counter({'NASNetMobile': 1, 'Xception': 1, 'MobileNet': 1, 'InceptionV3': 1})",",",4,",","[[['ResNet50V2', <tensorflow.python.keras.engine.functional.Functional object at 0x7f5c76de3438>]], [['DenseNet121', <tensorflow.python.keras.engine.functional.Functional object at 0x7f5cd84d4eb8>]], [['MobileNetV2', <tensorflow.python.keras.engine.functional.Functional object at 0x7f5cb0c86400>]]]"
"batchId ,",18.0,",overall_accuracy, ",74.41666666666666,",step_accuracy, ",68.0,",models, ","Counter({'NASNetMobile': 1, 'Xception': 1, 'MobileNet': 1, 'InceptionV3': 1, 'DenseNet121': 1})",",",5,",",['DenseNet121']
"batchId ,",19.0,",overall_accuracy, ",74.39473684210526,",step_accuracy, ",74.0,",models, ","Counter({'NASNetMobile': 1, 'Xception': 1, 'MobileNet': 1, 'InceptionV3': 1, 'DenseNet121': 1})",",",5,",",None
"batchId ,",20.0,",overall_accuracy, ",74.45,",step_accuracy, ",75.5,",models, ","Counter({'NASNetMobile': 1, 'Xception': 1, 'MobileNet': 1, 'InceptionV3': 1, 'DenseNet121': 1})",",",5,",",None
"batchId ,",21.0,",overall_accuracy, ",74.40476190476191,",step_accuracy, ",73.5,",models, ","Counter({'NASNetMobile': 1, 'Xception': 1, 'MobileNet': 1, 'InceptionV3': 1, 'DenseNet121': 1})",",",5,",",None
"batchId ,",22.0,",overall_accuracy, ",74.13636363636364,",step_accuracy, ",68.5,",models, ","Counter({'NASNetMobile': 1, 'Xception': 1, 'MobileNet': 1, 'InceptionV3': 1, 'DenseNet121': 1, 'MobileNetV2': 1})",",",6,",",['MobileNetV2']
"batchId ,",23.0,",overall_accuracy, ",74.43478260869566,",step_accuracy, ",81.0,",models, ","Counter({'NASNetMobile': 1, 'Xception': 1, 'MobileNet': 1, 'DenseNet121': 1})",",",4,",","[[['InceptionV3', <tensorflow.python.keras.engine.functional.Functional object at 0x7f5cb0119278>]], [['MobileNetV2', <tensorflow.python.keras.engine.functional.Functional object at 0x7f5c75790cf8>]]]"
"batchId ,",24.0,",overall_accuracy, ",74.47916666666666,",step_accuracy, ",75.5,",models, ","Counter({'NASNetMobile': 1, 'Xception': 1, 'MobileNet': 1, 'DenseNet121': 1})",",",4,",",None
"batchId ,",25.0,",overall_accuracy, ",74.48,",step_accuracy, ",74.5,",models, ","Counter({'NASNetMobile': 1, 'Xception': 1, 'MobileNet': 1, 'DenseNet121': 1})",",",4,",",None
"batchId ,",26.0,",overall_accuracy, ",74.5576923076923,",step_accuracy, ",76.5,",models, ","Counter({'NASNetMobile': 1, 'Xception': 1, 'MobileNet': 1, 'DenseNet121': 1})",",",4,",",None
"batchId ,",27.0,",overall_accuracy, ",74.5,",step_accuracy, ",73.0,",models, ","Counter({'NASNetMobile': 1, 'Xception': 1, 'MobileNet': 1, 'DenseNet121': 1, 'MobileNetV2': 1})",",",5,",",['MobileNetV2']
"batchId ,",28.0,",overall_accuracy, ",74.39285714285714,",step_accuracy, ",71.5,",models, ","Counter({'NASNetMobile': 1, 'Xception': 1, 'MobileNet': 1, 'DenseNet121': 1, 'MobileNetV2': 1, 'InceptionV3': 1})",",",6,",",['InceptionV3']
"batchId ,",29.0,",overall_accuracy, ",74.5344827586207,",step_accuracy, ",78.5,",models, ","Counter({'NASNetMobile': 1, 'Xception': 1, 'MobileNet': 1, 'MobileNetV2': 1})",",",4,",","[[['InceptionV3', <tensorflow.python.keras.engine.functional.Functional object at 0x7f5c74573940>]], [['DenseNet121', <tensorflow.python.keras.engine.functional.Functional object at 0x7f5c75e730f0>]]]"
"batchId ,",30.0,",overall_accuracy, ",74.5,",step_accuracy, ",73.5,",models, ","Counter({'NASNetMobile': 1, 'Xception': 1, 'MobileNet': 1, 'MobileNetV2': 1})",",",4,",",None
"batchId ,",31.0,",overall_accuracy, ",74.38709677419355,",step_accuracy, ",71.0,",models, ","Counter({'NASNetMobile': 1, 'Xception': 1, 'MobileNet': 1, 'MobileNetV2': 1, 'DenseNet121': 1})",",",5,",",['DenseNet121']
"batchId ,",32.0,",overall_accuracy, ",74.28125,",step_accuracy, ",71.0,",models, ","Counter({'NASNetMobile': 1, 'Xception': 1, 'MobileNet': 1, 'MobileNetV2': 1, 'DenseNet121': 1, 'InceptionV3': 1})",",",6,",",['InceptionV3']
"batchId ,",33.0,",overall_accuracy, ",74.37878787878788,",step_accuracy, ",77.5,",models, ","Counter({'NASNetMobile': 1, 'MobileNet': 1, 'MobileNetV2': 1, 'DenseNet121': 1})",",",4,",","[[['Xception', <tensorflow.python.keras.engine.functional.Functional object at 0x7f5cb172a0b8>]], [['InceptionV3', <tensorflow.python.keras.engine.functional.Functional object at 0x7f5c72a34240>]]]"
"batchId ,",34.0,",overall_accuracy, ",74.33823529411765,",step_accuracy, ",73.0,",models, ","Counter({'NASNetMobile': 1, 'MobileNet': 1, 'MobileNetV2': 1, 'DenseNet121': 1, 'Xception': 1})",",",5,",",['Xception']
"batchId ,",35.0,",overall_accuracy, ",74.31428571428572,",step_accuracy, ",73.5,",models, ","Counter({'NASNetMobile': 1, 'MobileNet': 1, 'MobileNetV2': 1, 'DenseNet121': 1, 'Xception': 1})",",",5,",",None
"batchId ,",36.0,",overall_accuracy, ",74.25,",step_accuracy, ",72.0,",models, ","Counter({'NASNetMobile': 1, 'MobileNet': 1, 'MobileNetV2': 1, 'DenseNet121': 1, 'Xception': 1, 'InceptionV3': 1})",",",6,",",['InceptionV3']
"batchId ,",37.0,",overall_accuracy, ",74.27027027027026,",step_accuracy, ",75.0,",models, ","Counter({'NASNetMobile': 1, 'MobileNet': 1, 'MobileNetV2': 1, 'DenseNet121': 1, 'Xception': 1, 'InceptionV3': 1})",",",6,",",None
"batchId ,",38.0,",overall_accuracy, ",74.19736842105263,",step_accuracy, ",71.5,",models, ","Counter({'NASNetMobile': 1, 'MobileNet': 1, 'MobileNetV2': 1, 'DenseNet121': 1, 'Xception': 1, 'InceptionV3': 1, 'ResNet50V2': 1})",",",7,",",['ResNet50V2']
"batchId ,",39.0,",overall_accuracy, ",74.2051282051282,",step_accuracy, ",74.5,",models, ","Counter({'NASNetMobile': 1, 'MobileNet': 1, 'MobileNetV2': 1, 'DenseNet121': 1, 'Xception': 1, 'InceptionV3': 1, 'ResNet50V2': 1})",",",7,",",None
"batchId ,",40.0,",overall_accuracy, ",74.2375,",step_accuracy, ",75.5,",models, ","Counter({'NASNetMobile': 1, 'MobileNet': 1, 'MobileNetV2': 1, 'DenseNet121': 1, 'Xception': 1, 'InceptionV3': 1, 'ResNet50V2': 1})",",",7,",",None
"batchId ,",41.0,",overall_accuracy, ",74.40243902439025,",step_accuracy, ",81.0,",models, ","Counter({'NASNetMobile': 1, 'DenseNet121': 1, 'Xception': 1, 'InceptionV3': 1})",",",4,",","[[['MobileNet', <tensorflow.python.keras.engine.functional.Functional object at 0x7f5cb135dda0>]], [['ResNet50V2', <tensorflow.python.keras.engine.functional.Functional object at 0x7f5c71246b00>]], [['MobileNetV2', <tensorflow.python.keras.engine.functional.Functional object at 0x7f5c75164780>]]]"
"batchId ,",42.0,",overall_accuracy, ",74.44047619047619,",step_accuracy, ",76.0,",models, ","Counter({'NASNetMobile': 1, 'DenseNet121': 1, 'Xception': 1, 'InceptionV3': 1})",",",4,",",None
"batchId ,",43.0,",overall_accuracy, ",74.43023255813954,",step_accuracy, ",74.0,",models, ","Counter({'NASNetMobile': 1, 'DenseNet121': 1, 'Xception': 1, 'InceptionV3': 1})",",",4,",",None
"batchId ,",44.0,",overall_accuracy, ",74.42045454545455,",step_accuracy, ",74.0,",models, ","Counter({'NASNetMobile': 1, 'DenseNet121': 1, 'Xception': 1, 'InceptionV3': 1})",",",4,",",None
"batchId ,",45.0,",overall_accuracy, ",74.56666666666666,",step_accuracy, ",81.0,",models, ","Counter({'NASNetMobile': 1, 'DenseNet121': 1, 'Xception': 1})",",",3,",","[[['InceptionV3', <tensorflow.python.keras.engine.functional.Functional object at 0x7f5c71935f60>]]]"
"batchId ,",46.0,",overall_accuracy, ",74.5,",step_accuracy, ",71.5,",models, ","Counter({'NASNetMobile': 1, 'DenseNet121': 1, 'Xception': 1, 'MobileNet': 1})",",",4,",",['MobileNet']
"batchId ,",47.0,",overall_accuracy, ",74.56382978723404,",step_accuracy, ",77.5,",models, ","Counter({'NASNetMobile': 1, 'DenseNet121': 1, 'Xception': 1})",",",3,",","[[['MobileNet', <tensorflow.python.keras.engine.functional.Functional object at 0x7f5c70f68940>]]]"
"batchId ,",48.0,",overall_accuracy, ",74.54166666666666,",step_accuracy, ",73.5,",models, ","Counter({'NASNetMobile': 1, 'DenseNet121': 1, 'Xception': 1})",",",3,",",None
"batchId ,",49.0,",overall_accuracy, ",74.64285714285714,",step_accuracy, ",79.5,",models, ","Counter({'NASNetMobile': 1, 'DenseNet121': 1})",",",2,",","[[['Xception', <tensorflow.python.keras.engine.functional.Functional object at 0x7f5c724b3198>]]]"
"batchId ,",50.0,",overall_accuracy, ",74.62,",step_accuracy, ",73.5,",models, ","Counter({'NASNetMobile': 1, 'DenseNet121': 1})",",",2,",",None
"batchId ,",51.0,",overall_accuracy, ",74.6470588235294,",step_accuracy, ",76.0,",models, ","Counter({'NASNetMobile': 1, 'DenseNet121': 1})",",",2,",",None
"batchId ,",52.0,",overall_accuracy, ",74.49038461538461,",step_accuracy, ",66.5,",models, ","Counter({'NASNetMobile': 1, 'DenseNet121': 1, 'Xception': 1})",",",3,",",['Xception']
"batchId ,",53.0,",overall_accuracy, ",74.31132075471697,",step_accuracy, ",65.0,",models, ","Counter({'NASNetMobile': 1, 'DenseNet121': 1, 'Xception': 1, 'MobileNet': 1})",",",4,",",['MobileNet']
"batchId ,",54.0,",overall_accuracy, ",74.29629629629629,",step_accuracy, ",73.5,",models, ","Counter({'NASNetMobile': 1, 'DenseNet121': 1, 'Xception': 1, 'MobileNet': 1})",",",4,",",None
"batchId ,",55.0,",overall_accuracy, ",74.32727272727273,",step_accuracy, ",76.0,",models, ","Counter({'NASNetMobile': 1, 'DenseNet121': 1, 'Xception': 1, 'MobileNet': 1})",",",4,",",None
"batchId ,",56.0,",overall_accuracy, ",74.32142857142857,",step_accuracy, ",74.0,",models, ","Counter({'NASNetMobile': 1, 'DenseNet121': 1, 'Xception': 1, 'MobileNet': 1})",",",4,",",None
"batchId ,",57.0,",overall_accuracy, ",74.30701754385964,",step_accuracy, ",73.5,",models, ","Counter({'NASNetMobile': 1, 'DenseNet121': 1, 'Xception': 1, 'MobileNet': 1})",",",4,",",None
"batchId ,",58.0,",overall_accuracy, ",74.33620689655173,",step_accuracy, ",76.0,",models, ","Counter({'NASNetMobile': 1, 'DenseNet121': 1, 'Xception': 1, 'MobileNet': 1})",",",4,",",None
"batchId ,",59.0,",overall_accuracy, ",74.28813559322035,",step_accuracy, ",71.5,",models, ","Counter({'NASNetMobile': 1, 'DenseNet121': 1, 'Xception': 1, 'MobileNet': 1, 'MobileNetV2': 1})",",",5,",",['MobileNetV2']
"batchId ,",60.0,",overall_accuracy, ",74.30833333333334,",step_accuracy, ",75.5,",models, ","Counter({'NASNetMobile': 1, 'DenseNet121': 1, 'Xception': 1, 'MobileNet': 1, 'MobileNetV2': 1})",",",5,",",None
"batchId ,",61.0,",overall_accuracy, ",74.3360655737705,",step_accuracy, ",76.0,",models, ","Counter({'NASNetMobile': 1, 'DenseNet121': 1, 'Xception': 1, 'MobileNet': 1, 'MobileNetV2': 1})",",",5,",",None
"batchId ,",62.0,",overall_accuracy, ",74.28225806451613,",step_accuracy, ",71.0,",models, ","Counter({'NASNetMobile': 1, 'DenseNet121': 1, 'Xception': 1, 'MobileNet': 1, 'MobileNetV2': 1, 'InceptionV3': 1})",",",6,",",['InceptionV3']
"batchId ,",63.0,",overall_accuracy, ",74.23015873015873,",step_accuracy, ",71.0,",models, ","Counter({'NASNetMobile': 1, 'DenseNet121': 1, 'Xception': 1, 'MobileNet': 1, 'MobileNetV2': 1, 'InceptionV3': 1, 'ResNet50V2': 1})",",",7,",",['ResNet50V2']
"batchId ,",64.0,",overall_accuracy, ",74.25,",step_accuracy, ",75.5,",models, ","Counter({'NASNetMobile': 1, 'DenseNet121': 1, 'Xception': 1, 'MobileNet': 1, 'MobileNetV2': 1, 'InceptionV3': 1, 'ResNet50V2': 1})",",",7,",",None
"batchId ,",65.0,",overall_accuracy, ",74.34615384615385,",step_accuracy, ",80.5,",models, ","Counter({'NASNetMobile': 1, 'DenseNet121': 1, 'Xception': 1, 'ResNet50V2': 1})",",",4,",","[[['MobileNetV2', <tensorflow.python.keras.engine.functional.Functional object at 0x7f5c6ff35588>]], [['InceptionV3', <tensorflow.python.keras.engine.functional.Functional object at 0x7f5c6f3c2860>]], [['MobileNet', <tensorflow.python.keras.engine.functional.Functional object at 0x7f5c70609cf8>]]]"
"batchId ,",66.0,",overall_accuracy, ",74.40151515151516,",step_accuracy, ",78.0,",models, ","Counter({'NASNetMobile': 1, 'DenseNet121': 1, 'Xception': 1})",",",3,",","[[['ResNet50V2', <tensorflow.python.keras.engine.functional.Functional object at 0x7f5c6ecd39b0>]]]"
"batchId ,",67.0,",overall_accuracy, ",74.49253731343283,",step_accuracy, ",80.5,",models, ","Counter({'NASNetMobile': 1, 'Xception': 1})",",",2,",","[[['DenseNet121', <tensorflow.python.keras.engine.functional.Functional object at 0x7f5c73639630>]]]"
"batchId ,",68.0,",overall_accuracy, ",74.48529411764706,",step_accuracy, ",74.0,",models, ","Counter({'NASNetMobile': 1, 'Xception': 1})",",",2,",",None
"batchId ,",69.0,",overall_accuracy, ",74.39130434782608,",step_accuracy, ",68.0,",models, ","Counter({'NASNetMobile': 1, 'Xception': 1, 'DenseNet121': 1})",",",3,",",['DenseNet121']
"batchId ,",70.0,",overall_accuracy, ",74.32857142857144,",step_accuracy, ",70.0,",models, ","Counter({'NASNetMobile': 1, 'Xception': 1, 'DenseNet121': 1, 'MobileNet': 1})",",",4,",",['MobileNet']
"batchId ,",71.0,",overall_accuracy, ",74.33802816901408,",step_accuracy, ",75.0,",models, ","Counter({'NASNetMobile': 1, 'Xception': 1, 'DenseNet121': 1, 'MobileNet': 1})",",",4,",",None
"batchId ,",72.0,",overall_accuracy, ",74.3125,",step_accuracy, ",72.5,",models, ","Counter({'NASNetMobile': 1, 'Xception': 1, 'DenseNet121': 1, 'MobileNet': 1, 'MobileNetV2': 1})",",",5,",",['MobileNetV2']
"batchId ,",73.0,",overall_accuracy, ",74.18493150684931,",step_accuracy, ",65.0,",models, ","Counter({'NASNetMobile': 1, 'Xception': 1, 'DenseNet121': 1, 'MobileNet': 1, 'MobileNetV2': 1, 'InceptionV3': 1})",",",6,",",['InceptionV3']
"batchId ,",74.0,",overall_accuracy, ",74.21621621621621,",step_accuracy, ",76.5,",models, ","Counter({'NASNetMobile': 1, 'Xception': 1, 'DenseNet121': 1, 'MobileNet': 1, 'MobileNetV2': 1, 'InceptionV3': 1})",",",6,",",None
"batchId ,",75.0,",overall_accuracy, ",74.24,",step_accuracy, ",76.0,",models, ","Counter({'NASNetMobile': 1, 'Xception': 1, 'DenseNet121': 1, 'MobileNet': 1, 'MobileNetV2': 1, 'InceptionV3': 1})",",",6,",",None
"batchId ,",76.0,",overall_accuracy, ",74.19736842105263,",step_accuracy, ",71.0,",models, ","Counter({'NASNetMobile': 1, 'Xception': 1, 'DenseNet121': 1, 'MobileNet': 1, 'MobileNetV2': 1, 'InceptionV3': 1, 'ResNet50V2': 1})",",",7,",",['ResNet50V2']
"batchId ,",77.0,",overall_accuracy, ",74.20779220779221,",step_accuracy, ",75.0,",models, ","Counter({'NASNetMobile': 1, 'Xception': 1, 'DenseNet121': 1, 'MobileNet': 1, 'MobileNetV2': 1, 'InceptionV3': 1, 'ResNet50V2': 1})",",",7,",",None
"batchId ,",78.0,",overall_accuracy, ",74.25641025641025,",step_accuracy, ",78.0,",models, ","Counter({'NASNetMobile': 1, 'Xception': 1, 'DenseNet121': 1, 'MobileNet': 1})",",",4,",","[[['ResNet50V2', <tensorflow.python.keras.engine.functional.Functional object at 0x7f5c6c0ea1d0>]], [['InceptionV3', <tensorflow.python.keras.engine.functional.Functional object at 0x7f5c6c7e2128>]], [['MobileNetV2', <tensorflow.python.keras.engine.functional.Functional object at 0x7f5c6d34f3c8>]]]"
"batchId ,",79.0,",overall_accuracy, ",74.24050632911391,",step_accuracy, ",73.0,",models, ","Counter({'NASNetMobile': 1, 'Xception': 1, 'DenseNet121': 1, 'MobileNet': 1, 'MobileNetV2': 1})",",",5,",",['MobileNetV2']
"batchId ,",80.0,",overall_accuracy, ",74.13125000000001,",step_accuracy, ",65.5,",models, ","Counter({'NASNetMobile': 1, 'Xception': 1, 'DenseNet121': 1, 'MobileNet': 1, 'MobileNetV2': 1, 'InceptionV3': 1})",",",6,",",['InceptionV3']
"batchId ,",81.0,",overall_accuracy, ",74.1358024691358,",step_accuracy, ",74.5,",models, ","Counter({'NASNetMobile': 1, 'Xception': 1, 'DenseNet121': 1, 'MobileNet': 1, 'MobileNetV2': 1, 'InceptionV3': 1})",",",6,",",None
"batchId ,",82.0,",overall_accuracy, ",74.15243902439025,",step_accuracy, ",75.5,",models, ","Counter({'NASNetMobile': 1, 'Xception': 1, 'DenseNet121': 1, 'MobileNet': 1, 'MobileNetV2': 1, 'InceptionV3': 1})",",",6,",",None
"batchId ,",83.0,",overall_accuracy, ",74.19277108433735,",step_accuracy, ",77.5,",models, ","Counter({'NASNetMobile': 1, 'Xception': 1, 'DenseNet121': 1, 'MobileNetV2': 1})",",",4,",","[[['InceptionV3', <tensorflow.python.keras.engine.functional.Functional object at 0x7f5c6aeb5550>]], [['MobileNet', <tensorflow.python.keras.engine.functional.Functional object at 0x7f5c6da24748>]]]"
"batchId ,",84.0,",overall_accuracy, ",74.13690476190476,",step_accuracy, ",69.5,",models, ","Counter({'NASNetMobile': 1, 'Xception': 1, 'DenseNet121': 1, 'MobileNetV2': 1, 'MobileNet': 1})",",",5,",",['MobileNet']
"batchId ,",85.0,",overall_accuracy, ",74.15294117647059,",step_accuracy, ",75.5,",models, ","Counter({'NASNetMobile': 1, 'Xception': 1, 'DenseNet121': 1, 'MobileNetV2': 1, 'MobileNet': 1})",",",5,",",None
"batchId ,",86.0,",overall_accuracy, ",74.18023255813954,",step_accuracy, ",76.5,",models, ","Counter({'NASNetMobile': 1, 'Xception': 1, 'DenseNet121': 1, 'MobileNetV2': 1, 'MobileNet': 1})",",",5,",",None
"batchId ,",87.0,",overall_accuracy, ",74.23563218390805,",step_accuracy, ",79.0,",models, ","Counter({'NASNetMobile': 1, 'Xception': 1, 'DenseNet121': 1})",",",3,",","[[['MobileNet', <tensorflow.python.keras.engine.functional.Functional object at 0x7f5c6ab4cbe0>]], [['MobileNetV2', <tensorflow.python.keras.engine.functional.Functional object at 0x7f5c6baa2780>]]]"
"batchId ,",88.0,",overall_accuracy, ",74.14772727272727,",step_accuracy, ",66.5,",models, ","Counter({'NASNetMobile': 1, 'Xception': 1, 'DenseNet121': 1, 'MobileNet': 1})",",",4,",",['MobileNet']
"batchId ,",89.0,",overall_accuracy, ",74.10112359550561,",step_accuracy, ",70.0,",models, ","Counter({'NASNetMobile': 1, 'Xception': 1, 'DenseNet121': 1, 'MobileNet': 1, 'MobileNetV2': 1})",",",5,",",['MobileNetV2']
"batchId ,",90.0,",overall_accuracy, ",74.05000000000001,",step_accuracy, ",69.5,",models, ","Counter({'NASNetMobile': 1, 'Xception': 1, 'DenseNet121': 1, 'MobileNet': 1, 'MobileNetV2': 1, 'InceptionV3': 1})",",",6,",",['InceptionV3']
"batchId ,",91.0,",overall_accuracy, ",74.05494505494505,",step_accuracy, ",74.5,",models, ","Counter({'NASNetMobile': 1, 'Xception': 1, 'DenseNet121': 1, 'MobileNet': 1, 'MobileNetV2': 1, 'InceptionV3': 1})",",",6,",",None
"batchId ,",92.0,",overall_accuracy, ",74.07608695652173,",step_accuracy, ",76.0,",models, ","Counter({'NASNetMobile': 1, 'Xception': 1, 'DenseNet121': 1, 'MobileNet': 1, 'MobileNetV2': 1, 'InceptionV3': 1})",",",6,",",None
"batchId ,",93.0,",overall_accuracy, ",74.10752688172043,",step_accuracy, ",77.0,",models, ","Counter({'NASNetMobile': 1, 'Xception': 1, 'DenseNet121': 1, 'MobileNet': 1, 'MobileNetV2': 1, 'InceptionV3': 1})",",",6,",",None
"batchId ,",94.0,",overall_accuracy, ",74.07446808510639,",step_accuracy, ",71.0,",models, ","Counter({'NASNetMobile': 1, 'Xception': 1, 'DenseNet121': 1, 'MobileNet': 1, 'MobileNetV2': 1, 'InceptionV3': 1, 'ResNet50V2': 1})",",",7,",",['ResNet50V2']
"batchId ,",95.0,",overall_accuracy, ",74.06315789473685,",step_accuracy, ",73.0,",models, ","Counter({'NASNetMobile': 1, 'Xception': 1, 'DenseNet121': 1, 'MobileNet': 1, 'MobileNetV2': 1, 'InceptionV3': 1, 'ResNet50V2': 1, 'ResNet50': 1})",",",8,",",['ResNet50']
"batchId ,",96.0,",overall_accuracy, ",73.99479166666667,",step_accuracy, ",67.5,",models, ","Counter({'NASNetMobile': 1, 'Xception': 1, 'DenseNet121': 1, 'MobileNet': 1, 'MobileNetV2': 1, 'InceptionV3': 1, 'ResNet50V2': 1, 'ResNet50': 1})",",",8,",",None
"batchId ,",97.0,",overall_accuracy, ",73.98453608247422,",step_accuracy, ",73.0,",models, ","Counter({'NASNetMobile': 1, 'Xception': 1, 'DenseNet121': 1, 'MobileNet': 1, 'MobileNetV2': 1, 'InceptionV3': 1, 'ResNet50V2': 1, 'ResNet50': 1})",",",8,",",None
"batchId ,",98.0,",overall_accuracy, ",73.98979591836735,",step_accuracy, ",74.5,",models, ","Counter({'NASNetMobile': 1, 'Xception': 1, 'DenseNet121': 1, 'MobileNet': 1, 'MobileNetV2': 1, 'InceptionV3': 1, 'ResNet50V2': 1, 'ResNet50': 1})",",",8,",",None
"batchId ,",99.0,",overall_accuracy, ",73.98989898989899,",step_accuracy, ",74.0,",models, ","Counter({'NASNetMobile': 1, 'Xception': 1, 'DenseNet121': 1, 'MobileNet': 1, 'MobileNetV2': 1, 'InceptionV3': 1, 'ResNet50V2': 1, 'ResNet50': 1})",",",8,",",None
"batchId ,",100.0,",overall_accuracy, ",73.995,",step_accuracy, ",74.5,",models, ","Counter({'NASNetMobile': 1, 'Xception': 1, 'DenseNet121': 1, 'MobileNet': 1, 'MobileNetV2': 1, 'InceptionV3': 1, 'ResNet50V2': 1, 'ResNet50': 1})",",",8,",",None
"batchId ,",101.0,",overall_accuracy, ",74.04950495049505,",step_accuracy, ",79.5,",models, ","Counter({'NASNetMobile': 1, 'Xception': 1, 'DenseNet121': 1, 'MobileNet': 1, 'MobileNetV2': 1, 'InceptionV3': 1})",",",6,",","[[['ResNet50', <tensorflow.python.keras.engine.functional.Functional object at 0x7f5c68765630>]], [['ResNet50V2', <tensorflow.python.keras.engine.functional.Functional object at 0x7f5c68e890f0>]]]"
"batchId ,",102.0,",overall_accuracy, ",74.07352941176471,",step_accuracy, ",76.5,",models, ","Counter({'NASNetMobile': 1, 'Xception': 1, 'DenseNet121': 1, 'MobileNet': 1, 'MobileNetV2': 1, 'InceptionV3': 1})",",",6,",",None
"batchId ,",103.0,",overall_accuracy, ",74.11650485436894,",step_accuracy, ",78.5,",models, ","Counter({'NASNetMobile': 1, 'Xception': 1, 'MobileNet': 1, 'InceptionV3': 1})",",",4,",","[[['MobileNetV2', <tensorflow.python.keras.engine.functional.Functional object at 0x7f5c6a1700f0>]], [['DenseNet121', <tensorflow.python.keras.engine.functional.Functional object at 0x7f5c6de06048>]]]"
"batchId ,",104.0,",overall_accuracy, ",74.1201923076923,",step_accuracy, ",74.5,",models, ","Counter({'NASNetMobile': 1, 'Xception': 1, 'MobileNet': 1, 'InceptionV3': 1})",",",4,",",None
"batchId ,",105.0,",overall_accuracy, ",74.17142857142856,",step_accuracy, ",79.5,",models, ","Counter({'Xception': 1, 'MobileNet': 1, 'InceptionV3': 1})",",",3,",","[[('NASNetMobile', <tensorflow.python.keras.engine.functional.Functional object at 0x7f5dbc596470>)]]"
"batchId ,",106.0,",overall_accuracy, ",74.19811320754717,",step_accuracy, ",77.0,",models, ","Counter({'Xception': 1, 'MobileNet': 1, 'InceptionV3': 1})",",",3,",",None
"batchId ,",107.0,",overall_accuracy, ",74.17289719626167,",step_accuracy, ",71.5,",models, ","Counter({'Xception': 1, 'MobileNet': 1, 'InceptionV3': 1, 'NASNetMobile': 1})",",",4,",",['NASNetMobile']
"batchId ,",108.0,",overall_accuracy, ",74.18981481481481,",step_accuracy, ",76.0,",models, ","Counter({'Xception': 1, 'MobileNet': 1, 'InceptionV3': 1, 'NASNetMobile': 1})",",",4,",",None
"batchId ,",109.0,",overall_accuracy, ",74.20183486238531,",step_accuracy, ",75.5,",models, ","Counter({'Xception': 1, 'MobileNet': 1, 'InceptionV3': 1, 'NASNetMobile': 1})",",",4,",",None
"batchId ,",110.0,",overall_accuracy, ",74.16818181818182,",step_accuracy, ",70.5,",models, ","Counter({'Xception': 1, 'MobileNet': 1, 'InceptionV3': 1, 'NASNetMobile': 1, 'DenseNet121': 1})",",",5,",",['DenseNet121']
"batchId ,",111.0,",overall_accuracy, ",74.13513513513513,",step_accuracy, ",70.5,",models, ","Counter({'Xception': 1, 'MobileNet': 1, 'InceptionV3': 1, 'NASNetMobile': 1, 'DenseNet121': 1, 'MobileNetV2': 1})",",",6,",",['MobileNetV2']
"batchId ,",112.0,",overall_accuracy, ",74.17857142857143,",step_accuracy, ",79.0,",models, ","Counter({'Xception': 1, 'InceptionV3': 1, 'NASNetMobile': 1, 'DenseNet121': 1})",",",4,",","[[['MobileNetV2', <tensorflow.python.keras.engine.functional.Functional object at 0x7f5c654f1cf8>]], [['MobileNet', <tensorflow.python.keras.engine.functional.Functional object at 0x7f5c6a7c0668>]]]"
"batchId ,",113.0,",overall_accuracy, ",74.12389380530973,",step_accuracy, ",68.0,",models, ","Counter({'Xception': 1, 'InceptionV3': 1, 'NASNetMobile': 1, 'DenseNet121': 1, 'MobileNet': 1})",",",5,",",['MobileNet']
"batchId ,",114.0,",overall_accuracy, ",74.10526315789474,",step_accuracy, ",72.0,",models, ","Counter({'Xception': 1, 'InceptionV3': 1, 'NASNetMobile': 1, 'DenseNet121': 1, 'MobileNet': 1, 'MobileNetV2': 1})",",",6,",",['MobileNetV2']
"batchId ,",115.0,",overall_accuracy, ",74.1608695652174,",step_accuracy, ",80.5,",models, ","Counter({'Xception': 1, 'NASNetMobile': 1, 'DenseNet121': 1, 'MobileNetV2': 1})",",",4,",","[[['InceptionV3', <tensorflow.python.keras.engine.functional.Functional object at 0x7f5c69581198>]], [['MobileNet', <tensorflow.python.keras.engine.functional.Functional object at 0x7f5c651653c8>]]]"
"batchId ,",116.0,",overall_accuracy, ",74.15948275862068,",step_accuracy, ",74.0,",models, ","Counter({'Xception': 1, 'NASNetMobile': 1, 'DenseNet121': 1, 'MobileNetV2': 1})",",",4,",",None
"batchId ,",117.0,",overall_accuracy, ",74.14529914529915,",step_accuracy, ",72.5,",models, ","Counter({'Xception': 1, 'NASNetMobile': 1, 'DenseNet121': 1, 'MobileNetV2': 1, 'MobileNet': 1})",",",5,",",['MobileNet']
"batchId ,",118.0,",overall_accuracy, ",74.11440677966101,",step_accuracy, ",70.5,",models, ","Counter({'Xception': 1, 'NASNetMobile': 1, 'DenseNet121': 1, 'MobileNetV2': 1, 'MobileNet': 1, 'InceptionV3': 1})",",",6,",",['InceptionV3']
"batchId ,",119.0,",overall_accuracy, ",74.1344537815126,",step_accuracy, ",76.5,",models, ","Counter({'Xception': 1, 'NASNetMobile': 1, 'DenseNet121': 1, 'MobileNetV2': 1, 'MobileNet': 1, 'InceptionV3': 1})",",",6,",",None
"batchId ,",120.0,",overall_accuracy, ",74.15833333333333,",step_accuracy, ",77.0,",models, ","Counter({'Xception': 1, 'NASNetMobile': 1, 'DenseNet121': 1, 'MobileNetV2': 1, 'MobileNet': 1, 'InceptionV3': 1})",",",6,",",None
"batchId ,",121.0,",overall_accuracy, ",74.18595041322314,",step_accuracy, ",77.5,",models, ","Counter({'Xception': 1, 'NASNetMobile': 1, 'DenseNet121': 1, 'MobileNetV2': 1})",",",4,",","[[['MobileNet', <tensorflow.python.keras.engine.functional.Functional object at 0x7f5c646f4e10>]], [['InceptionV3', <tensorflow.python.keras.engine.functional.Functional object at 0x7f5c63b78080>]]]"
"batchId ,",122.0,",overall_accuracy, ",74.18442622950819,",step_accuracy, ",74.0,",models, ","Counter({'Xception': 1, 'NASNetMobile': 1, 'DenseNet121': 1, 'MobileNetV2': 1})",",",4,",",None
"batchId ,",123.0,",overall_accuracy, ",74.17073170731707,",step_accuracy, ",72.5,",models, ","Counter({'Xception': 1, 'NASNetMobile': 1, 'DenseNet121': 1, 'MobileNetV2': 1, 'MobileNet': 1})",",",5,",",['MobileNet']
"batchId ,",124.0,",overall_accuracy, ",74.13306451612904,",step_accuracy, ",69.5,",models, ","Counter({'Xception': 1, 'NASNetMobile': 1, 'DenseNet121': 1, 'MobileNetV2': 1, 'MobileNet': 1, 'InceptionV3': 1})",",",6,",",['InceptionV3']
"batchId ,",125.0,",overall_accuracy, ",74.116,",step_accuracy, ",72.0,",models, ","Counter({'Xception': 1, 'NASNetMobile': 1, 'DenseNet121': 1, 'MobileNetV2': 1, 'MobileNet': 1, 'InceptionV3': 1, 'ResNet50V2': 1})",",",7,",",['ResNet50V2']
"batchId ,",126.0,",overall_accuracy, ",74.09523809523809,",step_accuracy, ",71.5,",models, ","Counter({'Xception': 1, 'NASNetMobile': 1, 'DenseNet121': 1, 'MobileNetV2': 1, 'MobileNet': 1, 'InceptionV3': 1, 'ResNet50V2': 1, 'ResNet50': 1})",",",8,",",['ResNet50']
"batchId ,",127.0,",overall_accuracy, ",74.0748031496063,",step_accuracy, ",71.5,",models, ","Counter({'Xception': 1, 'NASNetMobile': 1, 'DenseNet121': 1, 'MobileNetV2': 1, 'MobileNet': 1, 'InceptionV3': 1, 'ResNet50V2': 1, 'ResNet50': 1})",",",8,",",None
"batchId ,",128.0,",overall_accuracy, ",74.05078125,",step_accuracy, ",71.0,",models, ","Counter({'Xception': 1, 'NASNetMobile': 1, 'DenseNet121': 1, 'MobileNetV2': 1, 'MobileNet': 1, 'InceptionV3': 1, 'ResNet50V2': 1, 'ResNet50': 1})",",",8,",",None
"batchId ,",129.0,",overall_accuracy, ",74.03100775193798,",step_accuracy, ",71.5,",models, ","Counter({'Xception': 1, 'NASNetMobile': 1, 'DenseNet121': 1, 'MobileNetV2': 1, 'MobileNet': 1, 'InceptionV3': 1, 'ResNet50V2': 1, 'ResNet50': 1})",",",8,",",None
"batchId ,",130.0,",overall_accuracy, ",74.05384615384617,",step_accuracy, ",77.0,",models, ","Counter({'Xception': 1, 'NASNetMobile': 1, 'DenseNet121': 1, 'MobileNetV2': 1, 'MobileNet': 1, 'InceptionV3': 1, 'ResNet50V2': 1, 'ResNet50': 1})",",",8,",",None
"batchId ,",131.0,",overall_accuracy, ",74.06488549618321,",step_accuracy, ",75.5,",models, ","Counter({'Xception': 1, 'NASNetMobile': 1, 'DenseNet121': 1, 'MobileNetV2': 1, 'MobileNet': 1, 'InceptionV3': 1, 'ResNet50V2': 1, 'ResNet50': 1})",",",8,",",None
"batchId ,",132.0,",overall_accuracy, ",74.06060606060606,",step_accuracy, ",73.5,",models, ","Counter({'Xception': 1, 'NASNetMobile': 1, 'DenseNet121': 1, 'MobileNetV2': 1, 'MobileNet': 1, 'InceptionV3': 1, 'ResNet50V2': 1, 'ResNet50': 1})",",",8,",",None
"batchId ,",133.0,",overall_accuracy, ",74.02631578947368,",step_accuracy, ",69.5,",models, ","Counter({'Xception': 1, 'NASNetMobile': 1, 'DenseNet121': 1, 'MobileNetV2': 1, 'MobileNet': 1, 'InceptionV3': 1, 'ResNet50V2': 1, 'ResNet50': 1})",",",8,",",None
"batchId ,",134.0,",overall_accuracy, ",74.03731343283582,",step_accuracy, ",75.5,",models, ","Counter({'Xception': 1, 'NASNetMobile': 1, 'DenseNet121': 1, 'MobileNetV2': 1, 'MobileNet': 1, 'InceptionV3': 1, 'ResNet50V2': 1, 'ResNet50': 1})",",",8,",",None
"batchId ,",135.0,",overall_accuracy, ",74.04444444444445,",step_accuracy, ",75.0,",models, ","Counter({'Xception': 1, 'NASNetMobile': 1, 'DenseNet121': 1, 'MobileNetV2': 1, 'MobileNet': 1, 'InceptionV3': 1, 'ResNet50V2': 1, 'ResNet50': 1})",",",8,",",None
"batchId ,",136.0,",overall_accuracy, ",74.0845588235294,",step_accuracy, ",79.5,",models, ","Counter({'Xception': 1, 'NASNetMobile': 1, 'DenseNet121': 1, 'MobileNetV2': 1, 'MobileNet': 1, 'InceptionV3': 1})",",",6,",","[[['ResNet50', <tensorflow.python.keras.engine.functional.Functional object at 0x7f5c61e01278>]], [['ResNet50V2', <tensorflow.python.keras.engine.functional.Functional object at 0x7f5c625a30b8>]]]"
"batchId ,",137.0,",overall_accuracy, ",74.09489051094891,",step_accuracy, ",75.5,",models, ","Counter({'Xception': 1, 'NASNetMobile': 1, 'DenseNet121': 1, 'MobileNetV2': 1, 'MobileNet': 1, 'InceptionV3': 1})",",",6,",",None
"batchId ,",138.0,",overall_accuracy, ",74.10507246376812,",step_accuracy, ",75.5,",models, ","Counter({'Xception': 1, 'NASNetMobile': 1, 'DenseNet121': 1, 'MobileNetV2': 1, 'MobileNet': 1, 'InceptionV3': 1})",",",6,",",None
"batchId ,",139.0,",overall_accuracy, ",74.11151079136691,",step_accuracy, ",75.0,",models, ","Counter({'Xception': 1, 'NASNetMobile': 1, 'DenseNet121': 1, 'MobileNetV2': 1, 'MobileNet': 1, 'InceptionV3': 1})",",",6,",",None
"batchId ,",140.0,",overall_accuracy, ",74.13571428571429,",step_accuracy, ",77.5,",models, ","Counter({'Xception': 1, 'NASNetMobile': 1, 'DenseNet121': 1, 'MobileNet': 1})",",",4,",","[[['InceptionV3', <tensorflow.python.keras.engine.functional.Functional object at 0x7f5c62c8de48>]], [['MobileNetV2', <tensorflow.python.keras.engine.functional.Functional object at 0x7f5c64a91ac8>]]]"
"batchId ,",141.0,",overall_accuracy, ",74.1418439716312,",step_accuracy, ",75.0,",models, ","Counter({'Xception': 1, 'NASNetMobile': 1, 'DenseNet121': 1, 'MobileNet': 1})",",",4,",",None
"batchId ,",142.0,",overall_accuracy, ",74.10563380281691,",step_accuracy, ",69.0,",models, ","Counter({'Xception': 1, 'NASNetMobile': 1, 'DenseNet121': 1, 'MobileNet': 1, 'MobileNetV2': 1})",",",5,",",['MobileNetV2']
"batchId ,",143.0,",overall_accuracy, ",74.1013986013986,",step_accuracy, ",73.5,",models, ","Counter({'Xception': 1, 'NASNetMobile': 1, 'DenseNet121': 1, 'MobileNet': 1, 'MobileNetV2': 1})",",",5,",",None
"batchId ,",144.0,",overall_accuracy, ",74.08680555555556,",step_accuracy, ",72.0,",models, ","Counter({'Xception': 1, 'NASNetMobile': 1, 'DenseNet121': 1, 'MobileNet': 1, 'MobileNetV2': 1, 'InceptionV3': 1})",",",6,",",['InceptionV3']
"batchId ,",145.0,",overall_accuracy, ",74.09310344827587,",step_accuracy, ",75.0,",models, ","Counter({'Xception': 1, 'NASNetMobile': 1, 'DenseNet121': 1, 'MobileNet': 1, 'MobileNetV2': 1, 'InceptionV3': 1})",",",6,",",None
"batchId ,",146.0,",overall_accuracy, ",74.10616438356165,",step_accuracy, ",76.0,",models, ","Counter({'Xception': 1, 'NASNetMobile': 1, 'DenseNet121': 1, 'MobileNet': 1, 'MobileNetV2': 1, 'InceptionV3': 1})",",",6,",",None
"batchId ,",147.0,",overall_accuracy, ",74.12585034013605,",step_accuracy, ",77.0,",models, ","Counter({'Xception': 1, 'NASNetMobile': 1, 'DenseNet121': 1, 'MobileNet': 1, 'MobileNetV2': 1, 'InceptionV3': 1})",",",6,",",None
"batchId ,",148.0,",overall_accuracy, ",74.12837837837839,",step_accuracy, ",74.5,",models, ","Counter({'Xception': 1, 'NASNetMobile': 1, 'DenseNet121': 1, 'MobileNet': 1, 'MobileNetV2': 1, 'InceptionV3': 1})",",",6,",",None
"batchId ,",149.0,",overall_accuracy, ",74.1241610738255,",step_accuracy, ",73.5,",models, ","Counter({'Xception': 1, 'NASNetMobile': 1, 'DenseNet121': 1, 'MobileNet': 1, 'MobileNetV2': 1, 'InceptionV3': 1})",",",6,",",None
"batchId ,",150.0,",overall_accuracy, ",74.11666666666666,",step_accuracy, ",73.0,",models, ","Counter({'Xception': 1, 'NASNetMobile': 1, 'DenseNet121': 1, 'MobileNet': 1, 'MobileNetV2': 1, 'InceptionV3': 1, 'ResNet50V2': 1})",",",7,",",['ResNet50V2']
