"batchId ,",1.0,",overall_accuracy, ",77.5,",step_accuracy, ",77.5,",models, ","Counter({'NASNetMobile': 1, 'DenseNet201': 1, 'ResNet50': 1, 'DenseNet121': 1, 'Xception': 1, 'MobileNetV2': 1, 'MobileNet': 1, 'ResNet50V2': 1, 'InceptionV3': 1, 'InceptionResNetV2': 1})",",",10,",",None
"batchId ,",2.0,",overall_accuracy, ",77.75,",step_accuracy, ",78.0,",models, ","Counter({'NASNetMobile': 1, 'DenseNet201': 1, 'ResNet50': 1, 'DenseNet121': 1, 'MobileNet': 1, 'InceptionV3': 1, 'InceptionResNetV2': 1})",",",7,",","[[('ResNet50V2', <tensorflow.python.keras.engine.functional.Functional object at 0x7fb1bc275630>)], [('MobileNetV2', <tensorflow.python.keras.engine.functional.Functional object at 0x7fb1d04d48d0>)], [('Xception', <tensorflow.python.keras.engine.functional.Functional object at 0x7fb1f43f45c0>)]]"
"batchId ,",3.0,",overall_accuracy, ",78.5,",step_accuracy, ",80.0,",models, ","Counter({'NASNetMobile': 1, 'DenseNet201': 1, 'DenseNet121': 1, 'InceptionV3': 1, 'InceptionResNetV2': 1})",",",5,",","[[('ResNet50', <tensorflow.python.keras.engine.functional.Functional object at 0x7fb2681c58d0>)], [('MobileNet', <tensorflow.python.keras.engine.functional.Functional object at 0x7fb1d00fef60>)]]"
"batchId ,",4.0,",overall_accuracy, ",77.25,",step_accuracy, ",73.5,",models, ","Counter({'NASNetMobile': 1, 'DenseNet201': 1, 'DenseNet121': 1, 'InceptionV3': 1, 'InceptionResNetV2': 1, 'Xception': 1})",",",6,",",['Xception']
"batchId ,",5.0,",overall_accuracy, ",77.0,",step_accuracy, ",76.0,",models, ","Counter({'NASNetMobile': 1, 'DenseNet201': 1, 'DenseNet121': 1, 'InceptionV3': 1, 'InceptionResNetV2': 1, 'Xception': 1})",",",6,",",None
"batchId ,",6.0,",overall_accuracy, ",76.5,",step_accuracy, ",74.0,",models, ","Counter({'NASNetMobile': 1, 'DenseNet201': 1, 'DenseNet121': 1, 'InceptionV3': 1, 'InceptionResNetV2': 1, 'Xception': 1, 'MobileNet': 1})",",",7,",",['MobileNet']
"batchId ,",7.0,",overall_accuracy, ",75.92857142857142,",step_accuracy, ",72.5,",models, ","Counter({'NASNetMobile': 1, 'DenseNet201': 1, 'DenseNet121': 1, 'InceptionV3': 1, 'InceptionResNetV2': 1, 'Xception': 1, 'MobileNet': 1, 'MobileNetV2': 1})",",",8,",",['MobileNetV2']
"batchId ,",8.0,",overall_accuracy, ",76.3125,",step_accuracy, ",79.0,",models, ","Counter({'NASNetMobile': 1, 'DenseNet201': 1, 'DenseNet121': 1, 'InceptionV3': 1, 'InceptionResNetV2': 1})",",",5,",","[[['MobileNet', <tensorflow.python.keras.engine.functional.Functional object at 0x7fb094e049b0>]], [['MobileNetV2', <tensorflow.python.keras.engine.functional.Functional object at 0x7fb0947acef0>]], [['Xception', <tensorflow.python.keras.engine.functional.Functional object at 0x7fb0951caa20>]]]"
"batchId ,",9.0,",overall_accuracy, ",77.22222222222223,",step_accuracy, ",84.5,",models, ","Counter({'DenseNet201': 1, 'DenseNet121': 1, 'InceptionResNetV2': 1})",",",3,",","[[('InceptionV3', <tensorflow.python.keras.engine.functional.Functional object at 0x7fb176e74240>)], [('NASNetMobile', <tensorflow.python.keras.engine.functional.Functional object at 0x7fb2cc4e30f0>)]]"
"batchId ,",10.0,",overall_accuracy, ",77.0,",step_accuracy, ",75.0,",models, ","Counter({'DenseNet201': 1, 'DenseNet121': 1, 'InceptionResNetV2': 1})",",",3,",",None
"batchId ,",11.0,",overall_accuracy, ",76.68181818181819,",step_accuracy, ",73.5,",models, ","Counter({'DenseNet201': 1, 'DenseNet121': 1, 'InceptionResNetV2': 1, 'NASNetMobile': 1})",",",4,",",['NASNetMobile']
"batchId ,",12.0,",overall_accuracy, ",76.125,",step_accuracy, ",70.0,",models, ","Counter({'DenseNet201': 1, 'DenseNet121': 1, 'InceptionResNetV2': 1, 'NASNetMobile': 1, 'Xception': 1})",",",5,",",['Xception']
"batchId ,",13.0,",overall_accuracy, ",76.15384615384615,",step_accuracy, ",76.5,",models, ","Counter({'DenseNet201': 1, 'DenseNet121': 1, 'InceptionResNetV2': 1, 'NASNetMobile': 1, 'Xception': 1})",",",5,",",None
"batchId ,",14.0,",overall_accuracy, ",75.64285714285714,",step_accuracy, ",69.0,",models, ","Counter({'DenseNet201': 1, 'DenseNet121': 1, 'InceptionResNetV2': 1, 'NASNetMobile': 1, 'Xception': 1, 'MobileNet': 1})",",",6,",",['MobileNet']
"batchId ,",15.0,",overall_accuracy, ",75.73333333333333,",step_accuracy, ",77.0,",models, ","Counter({'DenseNet201': 1, 'DenseNet121': 1, 'InceptionResNetV2': 1, 'NASNetMobile': 1, 'Xception': 1, 'MobileNet': 1})",",",6,",",None
"batchId ,",16.0,",overall_accuracy, ",75.625,",step_accuracy, ",74.0,",models, ","Counter({'DenseNet201': 1, 'DenseNet121': 1, 'InceptionResNetV2': 1, 'NASNetMobile': 1, 'Xception': 1, 'MobileNet': 1, 'MobileNetV2': 1})",",",7,",",['MobileNetV2']
"batchId ,",17.0,",overall_accuracy, ",75.76470588235294,",step_accuracy, ",78.0,",models, ","Counter({'DenseNet201': 1, 'InceptionResNetV2': 1, 'NASNetMobile': 1, 'Xception': 1})",",",4,",","[[('DenseNet121', <tensorflow.python.keras.engine.functional.Functional object at 0x7fb20c1e47b8>)], [['MobileNetV2', <tensorflow.python.keras.engine.functional.Functional object at 0x7fb070fbca90>]], [['MobileNet', <tensorflow.python.keras.engine.functional.Functional object at 0x7fb07168be80>]]]"
"batchId ,",18.0,",overall_accuracy, ",75.41666666666667,",step_accuracy, ",69.5,",models, ","Counter({'DenseNet201': 1, 'InceptionResNetV2': 1, 'NASNetMobile': 1, 'Xception': 1, 'DenseNet121': 1})",",",5,",",['DenseNet121']
"batchId ,",19.0,",overall_accuracy, ",75.39473684210526,",step_accuracy, ",75.0,",models, ","Counter({'DenseNet201': 1, 'InceptionResNetV2': 1, 'NASNetMobile': 1, 'Xception': 1, 'DenseNet121': 1})",",",5,",",None
"batchId ,",20.0,",overall_accuracy, ",75.35,",step_accuracy, ",74.5,",models, ","Counter({'DenseNet201': 1, 'InceptionResNetV2': 1, 'NASNetMobile': 1, 'Xception': 1, 'DenseNet121': 1})",",",5,",",None
"batchId ,",21.0,",overall_accuracy, ",75.54761904761905,",step_accuracy, ",79.5,",models, ","Counter({'DenseNet201': 1, 'InceptionResNetV2': 1, 'NASNetMobile': 1})",",",3,",","[[['Xception', <tensorflow.python.keras.engine.functional.Functional object at 0x7fb071a592b0>]], [['DenseNet121', <tensorflow.python.keras.engine.functional.Functional object at 0x7fb0700d6128>]]]"
"batchId ,",22.0,",overall_accuracy, ",75.27272727272727,",step_accuracy, ",69.5,",models, ","Counter({'DenseNet201': 1, 'InceptionResNetV2': 1, 'NASNetMobile': 1, 'DenseNet121': 1})",",",4,",",['DenseNet121']
"batchId ,",23.0,",overall_accuracy, ",75.41304347826086,",step_accuracy, ",78.5,",models, ","Counter({'DenseNet201': 1, 'InceptionResNetV2': 1, 'NASNetMobile': 1})",",",3,",","[[['DenseNet121', <tensorflow.python.keras.engine.functional.Functional object at 0x7fb06b1360b8>]]]"
"batchId ,",24.0,",overall_accuracy, ",75.47916666666666,",step_accuracy, ",77.0,",models, ","Counter({'DenseNet201': 1, 'InceptionResNetV2': 1, 'NASNetMobile': 1})",",",3,",",None
"batchId ,",25.0,",overall_accuracy, ",75.44,",step_accuracy, ",74.5,",models, ","Counter({'DenseNet201': 1, 'InceptionResNetV2': 1, 'NASNetMobile': 1})",",",3,",",None
"batchId ,",26.0,",overall_accuracy, ",75.40384615384616,",step_accuracy, ",74.5,",models, ","Counter({'DenseNet201': 1, 'InceptionResNetV2': 1, 'NASNetMobile': 1})",",",3,",",None
"batchId ,",27.0,",overall_accuracy, ",75.46296296296296,",step_accuracy, ",77.0,",models, ","Counter({'DenseNet201': 1, 'InceptionResNetV2': 1, 'NASNetMobile': 1})",",",3,",",None
"batchId ,",28.0,",overall_accuracy, ",75.26785714285714,",step_accuracy, ",70.0,",models, ","Counter({'DenseNet201': 1, 'InceptionResNetV2': 1, 'NASNetMobile': 1, 'DenseNet121': 1})",",",4,",",['DenseNet121']
"batchId ,",29.0,",overall_accuracy, ",75.4655172413793,",step_accuracy, ",81.0,",models, ","Counter({'DenseNet201': 1, 'InceptionResNetV2': 1, 'NASNetMobile': 1})",",",3,",","[[['DenseNet121', <tensorflow.python.keras.engine.functional.Functional object at 0x7fb06a16f160>]]]"
"batchId ,",30.0,",overall_accuracy, ",75.35,",step_accuracy, ",72.0,",models, ","Counter({'DenseNet201': 1, 'InceptionResNetV2': 1, 'NASNetMobile': 1, 'DenseNet121': 1})",",",4,",",['DenseNet121']
"batchId ,",31.0,",overall_accuracy, ",75.32258064516128,",step_accuracy, ",74.5,",models, ","Counter({'DenseNet201': 1, 'InceptionResNetV2': 1, 'NASNetMobile': 1, 'DenseNet121': 1})",",",4,",",None
"batchId ,",32.0,",overall_accuracy, ",75.234375,",step_accuracy, ",72.5,",models, ","Counter({'DenseNet201': 1, 'InceptionResNetV2': 1, 'NASNetMobile': 1, 'DenseNet121': 1, 'Xception': 1})",",",5,",",['Xception']
"batchId ,",33.0,",overall_accuracy, ",75.24242424242425,",step_accuracy, ",75.5,",models, ","Counter({'DenseNet201': 1, 'InceptionResNetV2': 1, 'NASNetMobile': 1, 'DenseNet121': 1, 'Xception': 1})",",",5,",",None
"batchId ,",34.0,",overall_accuracy, ",75.22058823529412,",step_accuracy, ",74.5,",models, ","Counter({'DenseNet201': 1, 'InceptionResNetV2': 1, 'NASNetMobile': 1, 'DenseNet121': 1, 'Xception': 1})",",",5,",",None
"batchId ,",35.0,",overall_accuracy, ",75.17142857142856,",step_accuracy, ",73.5,",models, ","Counter({'DenseNet201': 1, 'InceptionResNetV2': 1, 'NASNetMobile': 1, 'DenseNet121': 1, 'Xception': 1, 'MobileNet': 1})",",",6,",",['MobileNet']
"batchId ,",36.0,",overall_accuracy, ",75.08333333333333,",step_accuracy, ",72.0,",models, ","Counter({'DenseNet201': 1, 'InceptionResNetV2': 1, 'NASNetMobile': 1, 'DenseNet121': 1, 'Xception': 1, 'MobileNet': 1, 'MobileNetV2': 1})",",",7,",",['MobileNetV2']
"batchId ,",37.0,",overall_accuracy, ",75.10810810810811,",step_accuracy, ",76.0,",models, ","Counter({'DenseNet201': 1, 'InceptionResNetV2': 1, 'NASNetMobile': 1, 'DenseNet121': 1, 'Xception': 1, 'MobileNet': 1, 'MobileNetV2': 1})",",",7,",",None
"batchId ,",38.0,",overall_accuracy, ",75.09210526315789,",step_accuracy, ",74.5,",models, ","Counter({'DenseNet201': 1, 'InceptionResNetV2': 1, 'NASNetMobile': 1, 'DenseNet121': 1, 'Xception': 1, 'MobileNet': 1, 'MobileNetV2': 1})",",",7,",",None
"batchId ,",39.0,",overall_accuracy, ",75.07692307692308,",step_accuracy, ",74.5,",models, ","Counter({'DenseNet201': 1, 'InceptionResNetV2': 1, 'NASNetMobile': 1, 'DenseNet121': 1, 'Xception': 1, 'MobileNet': 1, 'MobileNetV2': 1})",",",7,",",None
"batchId ,",40.0,",overall_accuracy, ",75.125,",step_accuracy, ",77.0,",models, ","Counter({'DenseNet201': 1, 'InceptionResNetV2': 1, 'NASNetMobile': 1, 'DenseNet121': 1, 'Xception': 1, 'MobileNet': 1, 'MobileNetV2': 1})",",",7,",",None
"batchId ,",41.0,",overall_accuracy, ",75.21951219512195,",step_accuracy, ",79.0,",models, ","Counter({'DenseNet201': 1, 'InceptionResNetV2': 1, 'NASNetMobile': 1, 'Xception': 1})",",",4,",","[[['MobileNet', <tensorflow.python.keras.engine.functional.Functional object at 0x7fb0687eacf8>]], [['MobileNetV2', <tensorflow.python.keras.engine.functional.Functional object at 0x7fb06811d160>]], [['DenseNet121', <tensorflow.python.keras.engine.functional.Functional object at 0x7fb06919f080>]]]"
"batchId ,",42.0,",overall_accuracy, ",75.25,",step_accuracy, ",76.5,",models, ","Counter({'DenseNet201': 1, 'InceptionResNetV2': 1, 'NASNetMobile': 1, 'Xception': 1})",",",4,",",None
"batchId ,",43.0,",overall_accuracy, ",75.27906976744187,",step_accuracy, ",76.5,",models, ","Counter({'DenseNet201': 1, 'InceptionResNetV2': 1, 'NASNetMobile': 1, 'Xception': 1})",",",4,",",None
"batchId ,",44.0,",overall_accuracy, ",75.2840909090909,",step_accuracy, ",75.5,",models, ","Counter({'DenseNet201': 1, 'InceptionResNetV2': 1, 'NASNetMobile': 1, 'Xception': 1})",",",4,",",None
"batchId ,",45.0,",overall_accuracy, ",75.3888888888889,",step_accuracy, ",80.0,",models, ","Counter({'DenseNet201': 1, 'InceptionResNetV2': 1, 'NASNetMobile': 1})",",",3,",","[[['Xception', <tensorflow.python.keras.engine.functional.Functional object at 0x7fb068bb5710>]]]"
"batchId ,",46.0,",overall_accuracy, ",75.3586956521739,",step_accuracy, ",74.0,",models, ","Counter({'DenseNet201': 1, 'InceptionResNetV2': 1, 'NASNetMobile': 1, 'DenseNet121': 1})",",",4,",",['DenseNet121']
"batchId ,",47.0,",overall_accuracy, ",75.46808510638297,",step_accuracy, ",80.5,",models, ","Counter({'DenseNet201': 1, 'InceptionResNetV2': 1, 'NASNetMobile': 1})",",",3,",","[[['DenseNet121', <tensorflow.python.keras.engine.functional.Functional object at 0x7fb06720f208>]]]"
"batchId ,",48.0,",overall_accuracy, ",75.45833333333334,",step_accuracy, ",75.0,",models, ","Counter({'DenseNet201': 1, 'InceptionResNetV2': 1, 'NASNetMobile': 1})",",",3,",",None
"batchId ,",49.0,",overall_accuracy, ",75.48979591836734,",step_accuracy, ",77.0,",models, ","Counter({'DenseNet201': 1, 'InceptionResNetV2': 1, 'NASNetMobile': 1})",",",3,",",None
"batchId ,",50.0,",overall_accuracy, ",75.49,",step_accuracy, ",75.5,",models, ","Counter({'DenseNet201': 1, 'InceptionResNetV2': 1, 'NASNetMobile': 1})",",",3,",",None
"batchId ,",51.0,",overall_accuracy, ",75.59803921568627,",step_accuracy, ",81.0,",models, ","Counter({'DenseNet201': 1, 'InceptionResNetV2': 1})",",",2,",","[[['NASNetMobile', <tensorflow.python.keras.engine.functional.Functional object at 0x7fb0720de080>]]]"
"batchId ,",52.0,",overall_accuracy, ",75.46153846153845,",step_accuracy, ",68.5,",models, ","Counter({'DenseNet201': 1, 'InceptionResNetV2': 1, 'NASNetMobile': 1})",",",3,",",['NASNetMobile']
"batchId ,",53.0,",overall_accuracy, ",75.33962264150944,",step_accuracy, ",69.0,",models, ","Counter({'DenseNet201': 1, 'InceptionResNetV2': 1, 'NASNetMobile': 1, 'DenseNet121': 1})",",",4,",",['DenseNet121']
"batchId ,",54.0,",overall_accuracy, ",75.32407407407408,",step_accuracy, ",74.5,",models, ","Counter({'DenseNet201': 1, 'InceptionResNetV2': 1, 'NASNetMobile': 1, 'DenseNet121': 1})",",",4,",",None
"batchId ,",55.0,",overall_accuracy, ",75.36363636363636,",step_accuracy, ",77.5,",models, ","Counter({'DenseNet201': 1, 'InceptionResNetV2': 1, 'NASNetMobile': 1, 'DenseNet121': 1})",",",4,",",None
"batchId ,",56.0,",overall_accuracy, ",75.40178571428572,",step_accuracy, ",77.5,",models, ","Counter({'DenseNet201': 1, 'InceptionResNetV2': 1, 'NASNetMobile': 1, 'DenseNet121': 1})",",",4,",",None
"batchId ,",57.0,",overall_accuracy, ",75.42105263157895,",step_accuracy, ",76.5,",models, ","Counter({'DenseNet201': 1, 'InceptionResNetV2': 1, 'NASNetMobile': 1, 'DenseNet121': 1})",",",4,",",None
"batchId ,",58.0,",overall_accuracy, ",75.39655172413792,",step_accuracy, ",74.0,",models, ","Counter({'DenseNet201': 1, 'InceptionResNetV2': 1, 'NASNetMobile': 1, 'DenseNet121': 1, 'Xception': 1})",",",5,",",['Xception']
"batchId ,",59.0,",overall_accuracy, ",75.36440677966102,",step_accuracy, ",73.5,",models, ","Counter({'DenseNet201': 1, 'InceptionResNetV2': 1, 'NASNetMobile': 1, 'DenseNet121': 1, 'Xception': 1, 'MobileNet': 1})",",",6,",",['MobileNet']
"batchId ,",60.0,",overall_accuracy, ",75.41666666666667,",step_accuracy, ",78.5,",models, ","Counter({'DenseNet201': 1, 'InceptionResNetV2': 1, 'DenseNet121': 1, 'Xception': 1})",",",4,",","[[['MobileNet', <tensorflow.python.keras.engine.functional.Functional object at 0x7fb063cfa860>]], [['NASNetMobile', <tensorflow.python.keras.engine.functional.Functional object at 0x7fb065734278>]]]"
"batchId ,",61.0,",overall_accuracy, ",75.45081967213115,",step_accuracy, ",77.5,",models, ","Counter({'DenseNet201': 1, 'InceptionResNetV2': 1, 'DenseNet121': 1, 'Xception': 1})",",",4,",",None
"batchId ,",62.0,",overall_accuracy, ",75.37096774193547,",step_accuracy, ",70.5,",models, ","Counter({'DenseNet201': 1, 'InceptionResNetV2': 1, 'DenseNet121': 1, 'Xception': 1, 'NASNetMobile': 1})",",",5,",",['NASNetMobile']
"batchId ,",63.0,",overall_accuracy, ",75.36507936507937,",step_accuracy, ",75.0,",models, ","Counter({'DenseNet201': 1, 'InceptionResNetV2': 1, 'DenseNet121': 1, 'Xception': 1, 'NASNetMobile': 1})",",",5,",",None
"batchId ,",64.0,",overall_accuracy, ",75.40625,",step_accuracy, ",78.0,",models, ","Counter({'DenseNet201': 1, 'InceptionResNetV2': 1, 'DenseNet121': 1})",",",3,",","[[['Xception', <tensorflow.python.keras.engine.functional.Functional object at 0x7fb0640422b0>]], [['NASNetMobile', <tensorflow.python.keras.engine.functional.Functional object at 0x7fb0621e4518>]]]"
"batchId ,",65.0,",overall_accuracy, ",75.53846153846155,",step_accuracy, ",84.0,",models, ","Counter({'DenseNet201': 1, 'InceptionResNetV2': 1})",",",2,",","[[['DenseNet121', <tensorflow.python.keras.engine.functional.Functional object at 0x7fb0646a75c0>]]]"
"batchId ,",66.0,",overall_accuracy, ",75.56060606060606,",step_accuracy, ",77.0,",models, ","Counter({'DenseNet201': 1, 'InceptionResNetV2': 1})",",",2,",",None
"batchId ,",67.0,",overall_accuracy, ",75.6268656716418,",step_accuracy, ",80.0,",models, ","Counter({'DenseNet201': 1, 'InceptionResNetV2': 1})",",",2,",",None
"batchId ,",68.0,",overall_accuracy, ",75.625,",step_accuracy, ",75.5,",models, ","Counter({'DenseNet201': 1, 'InceptionResNetV2': 1})",",",2,",",None
"batchId ,",69.0,",overall_accuracy, ",75.59420289855072,",step_accuracy, ",73.5,",models, ","Counter({'DenseNet201': 1, 'InceptionResNetV2': 1, 'NASNetMobile': 1})",",",3,",",['NASNetMobile']
"batchId ,",70.0,",overall_accuracy, ",75.57142857142857,",step_accuracy, ",74.0,",models, ","Counter({'DenseNet201': 1, 'InceptionResNetV2': 1, 'NASNetMobile': 1, 'DenseNet121': 1})",",",4,",",['DenseNet121']
"batchId ,",71.0,",overall_accuracy, ",75.5774647887324,",step_accuracy, ",76.0,",models, ","Counter({'DenseNet201': 1, 'InceptionResNetV2': 1, 'NASNetMobile': 1, 'DenseNet121': 1})",",",4,",",None
"batchId ,",72.0,",overall_accuracy, ",75.53472222222221,",step_accuracy, ",72.5,",models, ","Counter({'DenseNet201': 1, 'InceptionResNetV2': 1, 'NASNetMobile': 1, 'DenseNet121': 1, 'Xception': 1})",",",5,",",['Xception']
"batchId ,",73.0,",overall_accuracy, ",75.43150684931507,",step_accuracy, ",68.0,",models, ","Counter({'DenseNet201': 1, 'InceptionResNetV2': 1, 'NASNetMobile': 1, 'DenseNet121': 1, 'Xception': 1, 'MobileNet': 1})",",",6,",",['MobileNet']
"batchId ,",74.0,",overall_accuracy, ",75.4527027027027,",step_accuracy, ",77.0,",models, ","Counter({'DenseNet201': 1, 'InceptionResNetV2': 1, 'NASNetMobile': 1, 'DenseNet121': 1, 'Xception': 1, 'MobileNet': 1})",",",6,",",None
"batchId ,",75.0,",overall_accuracy, ",75.49333333333334,",step_accuracy, ",78.5,",models, ","Counter({'DenseNet201': 1, 'InceptionResNetV2': 1, 'DenseNet121': 1, 'Xception': 1})",",",4,",","[[['MobileNet', <tensorflow.python.keras.engine.functional.Functional object at 0x7fb05ec19438>]], [['NASNetMobile', <tensorflow.python.keras.engine.functional.Functional object at 0x7fb0606444a8>]]]"
"batchId ,",76.0,",overall_accuracy, ",75.48684210526316,",step_accuracy, ",75.0,",models, ","Counter({'DenseNet201': 1, 'InceptionResNetV2': 1, 'DenseNet121': 1, 'Xception': 1})",",",4,",",None
"batchId ,",77.0,",overall_accuracy, ",75.47402597402598,",step_accuracy, ",74.5,",models, ","Counter({'DenseNet201': 1, 'InceptionResNetV2': 1, 'DenseNet121': 1, 'Xception': 1})",",",4,",",None
"batchId ,",78.0,",overall_accuracy, ",75.52564102564102,",step_accuracy, ",79.5,",models, ","Counter({'DenseNet201': 1, 'InceptionResNetV2': 1, 'DenseNet121': 1})",",",3,",","[[['Xception', <tensorflow.python.keras.engine.functional.Functional object at 0x7fb05efdd860>]]]"
"batchId ,",79.0,",overall_accuracy, ",75.53164556962025,",step_accuracy, ",76.0,",models, ","Counter({'DenseNet201': 1, 'InceptionResNetV2': 1, 'DenseNet121': 1})",",",3,",",None
"batchId ,",80.0,",overall_accuracy, ",75.40625,",step_accuracy, ",65.5,",models, ","Counter({'DenseNet201': 1, 'InceptionResNetV2': 1, 'DenseNet121': 1, 'NASNetMobile': 1})",",",4,",",['NASNetMobile']
"batchId ,",81.0,",overall_accuracy, ",75.37654320987654,",step_accuracy, ",73.0,",models, ","Counter({'DenseNet201': 1, 'InceptionResNetV2': 1, 'DenseNet121': 1, 'NASNetMobile': 1, 'Xception': 1})",",",5,",",['Xception']
"batchId ,",82.0,",overall_accuracy, ",75.39634146341463,",step_accuracy, ",77.0,",models, ","Counter({'DenseNet201': 1, 'InceptionResNetV2': 1, 'DenseNet121': 1, 'NASNetMobile': 1, 'Xception': 1})",",",5,",",None
"batchId ,",83.0,",overall_accuracy, ",75.44578313253012,",step_accuracy, ",79.5,",models, ","Counter({'InceptionResNetV2': 1, 'NASNetMobile': 1, 'Xception': 1})",",",3,",","[[['DenseNet121', <tensorflow.python.keras.engine.functional.Functional object at 0x7fb05f5c8748>]], [('DenseNet201', <tensorflow.python.keras.engine.functional.Functional object at 0x7fb2701d95f8>)]]"
"batchId ,",84.0,",overall_accuracy, ",75.41071428571429,",step_accuracy, ",72.5,",models, ","Counter({'InceptionResNetV2': 1, 'NASNetMobile': 1, 'Xception': 1, 'DenseNet201': 1})",",",4,",",['DenseNet201']
"batchId ,",85.0,",overall_accuracy, ",75.37058823529412,",step_accuracy, ",72.0,",models, ","Counter({'InceptionResNetV2': 1, 'NASNetMobile': 1, 'Xception': 1, 'DenseNet201': 1, 'DenseNet121': 1})",",",5,",",['DenseNet121']
"batchId ,",86.0,",overall_accuracy, ",75.40697674418605,",step_accuracy, ",78.5,",models, ","Counter({'InceptionResNetV2': 1, 'Xception': 1, 'DenseNet201': 1})",",",3,",","[[['DenseNet121', <tensorflow.python.keras.engine.functional.Functional object at 0x7fb05a1427f0>]], [['NASNetMobile', <tensorflow.python.keras.engine.functional.Functional object at 0x7fb05d153358>]]]"
"batchId ,",87.0,",overall_accuracy, ",75.39655172413792,",step_accuracy, ",74.5,",models, ","Counter({'InceptionResNetV2': 1, 'Xception': 1, 'DenseNet201': 1})",",",3,",",None
"batchId ,",88.0,",overall_accuracy, ",75.29545454545455,",step_accuracy, ",66.5,",models, ","Counter({'InceptionResNetV2': 1, 'Xception': 1, 'DenseNet201': 1, 'NASNetMobile': 1})",",",4,",",['NASNetMobile']
"batchId ,",89.0,",overall_accuracy, ",75.25280898876404,",step_accuracy, ",71.5,",models, ","Counter({'InceptionResNetV2': 1, 'Xception': 1, 'DenseNet201': 1, 'NASNetMobile': 1, 'DenseNet121': 1})",",",5,",",['DenseNet121']
"batchId ,",90.0,",overall_accuracy, ",75.22777777777779,",step_accuracy, ",73.0,",models, ","Counter({'InceptionResNetV2': 1, 'Xception': 1, 'DenseNet201': 1, 'NASNetMobile': 1, 'DenseNet121': 1, 'MobileNet': 1})",",",6,",",['MobileNet']
"batchId ,",91.0,",overall_accuracy, ",75.25274725274726,",step_accuracy, ",77.5,",models, ","Counter({'InceptionResNetV2': 1, 'Xception': 1, 'DenseNet201': 1, 'NASNetMobile': 1, 'DenseNet121': 1, 'MobileNet': 1})",",",6,",",None
"batchId ,",92.0,",overall_accuracy, ",75.26630434782608,",step_accuracy, ",76.5,",models, ","Counter({'InceptionResNetV2': 1, 'Xception': 1, 'DenseNet201': 1, 'NASNetMobile': 1, 'DenseNet121': 1, 'MobileNet': 1})",",",6,",",None
"batchId ,",93.0,",overall_accuracy, ",75.30107526881721,",step_accuracy, ",78.5,",models, ","Counter({'InceptionResNetV2': 1, 'DenseNet201': 1, 'NASNetMobile': 1, 'DenseNet121': 1})",",",4,",","[[['MobileNet', <tensorflow.python.keras.engine.functional.Functional object at 0x7fb05718dcf8>]], [['Xception', <tensorflow.python.keras.engine.functional.Functional object at 0x7fb05caf12b0>]]]"
"batchId ,",94.0,",overall_accuracy, ",75.26063829787233,",step_accuracy, ",71.5,",models, ","Counter({'InceptionResNetV2': 1, 'DenseNet201': 1, 'NASNetMobile': 1, 'DenseNet121': 1, 'Xception': 1})",",",5,",",['Xception']
"batchId ,",95.0,",overall_accuracy, ",75.26842105263158,",step_accuracy, ",76.0,",models, ","Counter({'InceptionResNetV2': 1, 'DenseNet201': 1, 'NASNetMobile': 1, 'DenseNet121': 1, 'Xception': 1})",",",5,",",None
"batchId ,",96.0,",overall_accuracy, ",75.21875,",step_accuracy, ",70.5,",models, ","Counter({'InceptionResNetV2': 1, 'DenseNet201': 1, 'NASNetMobile': 1, 'DenseNet121': 1, 'Xception': 1, 'MobileNet': 1})",",",6,",",['MobileNet']
"batchId ,",97.0,",overall_accuracy, ",75.22680412371135,",step_accuracy, ",76.0,",models, ","Counter({'InceptionResNetV2': 1, 'DenseNet201': 1, 'NASNetMobile': 1, 'DenseNet121': 1, 'Xception': 1, 'MobileNet': 1})",",",6,",",None
"batchId ,",98.0,",overall_accuracy, ",75.20408163265306,",step_accuracy, ",73.0,",models, ","Counter({'InceptionResNetV2': 1, 'DenseNet201': 1, 'NASNetMobile': 1, 'DenseNet121': 1, 'Xception': 1, 'MobileNet': 1, 'MobileNetV2': 1})",",",7,",",['MobileNetV2']
"batchId ,",99.0,",overall_accuracy, ",75.19191919191918,",step_accuracy, ",74.0,",models, ","Counter({'InceptionResNetV2': 1, 'DenseNet201': 1, 'NASNetMobile': 1, 'DenseNet121': 1, 'Xception': 1, 'MobileNet': 1, 'MobileNetV2': 1, 'InceptionV3': 1})",",",8,",",['InceptionV3']
"batchId ,",100.0,",overall_accuracy, ",75.19500000000001,",step_accuracy, ",75.5,",models, ","Counter({'InceptionResNetV2': 1, 'DenseNet201': 1, 'NASNetMobile': 1, 'DenseNet121': 1, 'Xception': 1, 'MobileNet': 1, 'MobileNetV2': 1, 'InceptionV3': 1})",",",8,",",None
"batchId ,",101.0,",overall_accuracy, ",75.23267326732673,",step_accuracy, ",79.0,",models, ","Counter({'InceptionResNetV2': 1, 'DenseNet201': 1, 'NASNetMobile': 1, 'DenseNet121': 1, 'Xception': 1})",",",5,",","[[['InceptionV3', <tensorflow.python.keras.engine.functional.Functional object at 0x7fb055658dd8>]], [['MobileNetV2', <tensorflow.python.keras.engine.functional.Functional object at 0x7fb0561c89e8>]], [['MobileNet', <tensorflow.python.keras.engine.functional.Functional object at 0x7fb0568a9c18>]]]"
"batchId ,",102.0,",overall_accuracy, ",75.25490196078431,",step_accuracy, ",77.5,",models, ","Counter({'InceptionResNetV2': 1, 'DenseNet201': 1, 'NASNetMobile': 1, 'DenseNet121': 1, 'Xception': 1})",",",5,",",None
"batchId ,",103.0,",overall_accuracy, ",75.27669902912622,",step_accuracy, ",77.5,",models, ","Counter({'InceptionResNetV2': 1, 'DenseNet201': 1, 'NASNetMobile': 1, 'DenseNet121': 1, 'Xception': 1})",",",5,",",None
"batchId ,",104.0,",overall_accuracy, ",75.28365384615384,",step_accuracy, ",76.0,",models, ","Counter({'InceptionResNetV2': 1, 'DenseNet201': 1, 'NASNetMobile': 1, 'DenseNet121': 1, 'Xception': 1})",",",5,",",None
"batchId ,",105.0,",overall_accuracy, ",75.37619047619047,",step_accuracy, ",85.0,",models, ","Counter({'InceptionResNetV2': 1, 'DenseNet201': 1, 'DenseNet121': 1})",",",3,",","[[['NASNetMobile', <tensorflow.python.keras.engine.functional.Functional object at 0x7fb058651668>]], [['Xception', <tensorflow.python.keras.engine.functional.Functional object at 0x7fb056c670b8>]]]"
"batchId ,",106.0,",overall_accuracy, ",75.40566037735849,",step_accuracy, ",78.5,",models, ","Counter({'InceptionResNetV2': 1, 'DenseNet201': 1})",",",2,",","[[['DenseNet121', <tensorflow.python.keras.engine.functional.Functional object at 0x7fb0575e5710>]]]"
"batchId ,",107.0,",overall_accuracy, ",75.37383177570094,",step_accuracy, ",72.0,",models, ","Counter({'InceptionResNetV2': 1, 'DenseNet201': 1, 'NASNetMobile': 1})",",",3,",",['NASNetMobile']
"batchId ,",108.0,",overall_accuracy, ",75.41203703703704,",step_accuracy, ",79.5,",models, ","Counter({'InceptionResNetV2': 1, 'NASNetMobile': 1})",",",2,",","[[['DenseNet201', <tensorflow.python.keras.engine.functional.Functional object at 0x7fb05b1c5f98>]]]"
"batchId ,",109.0,",overall_accuracy, ",75.40366972477064,",step_accuracy, ",74.5,",models, ","Counter({'InceptionResNetV2': 1, 'NASNetMobile': 1})",",",2,",",None
"batchId ,",110.0,",overall_accuracy, ",75.33636363636363,",step_accuracy, ",68.0,",models, ","Counter({'InceptionResNetV2': 1, 'NASNetMobile': 1, 'DenseNet201': 1})",",",3,",",['DenseNet201']
"batchId ,",111.0,",overall_accuracy, ",75.27027027027027,",step_accuracy, ",68.0,",models, ","Counter({'InceptionResNetV2': 1, 'NASNetMobile': 1, 'DenseNet201': 1, 'DenseNet121': 1})",",",4,",",['DenseNet121']
"batchId ,",112.0,",overall_accuracy, ",75.29464285714286,",step_accuracy, ",78.0,",models, ","Counter({'InceptionResNetV2': 1, 'NASNetMobile': 1, 'DenseNet201': 1})",",",3,",","[[['DenseNet121', <tensorflow.python.keras.engine.functional.Functional object at 0x7fb051145240>]]]"
"batchId ,",113.0,",overall_accuracy, ",75.2787610619469,",step_accuracy, ",73.5,",models, ","Counter({'InceptionResNetV2': 1, 'NASNetMobile': 1, 'DenseNet201': 1, 'DenseNet121': 1})",",",4,",",['DenseNet121']
"batchId ,",114.0,",overall_accuracy, ",75.23684210526315,",step_accuracy, ",70.5,",models, ","Counter({'InceptionResNetV2': 1, 'NASNetMobile': 1, 'DenseNet201': 1, 'DenseNet121': 1, 'Xception': 1})",",",5,",",['Xception']
"batchId ,",115.0,",overall_accuracy, ",75.27826086956522,",step_accuracy, ",80.0,",models, ","Counter({'InceptionResNetV2': 1, 'NASNetMobile': 1, 'DenseNet201': 1})",",",3,",","[[['Xception', <tensorflow.python.keras.engine.functional.Functional object at 0x7fb04fb94160>]], [['DenseNet121', <tensorflow.python.keras.engine.functional.Functional object at 0x7fb0501f31d0>]]]"
"batchId ,",116.0,",overall_accuracy, ",75.27586206896551,",step_accuracy, ",75.0,",models, ","Counter({'InceptionResNetV2': 1, 'NASNetMobile': 1, 'DenseNet201': 1})",",",3,",",None
"batchId ,",117.0,",overall_accuracy, ",75.2991452991453,",step_accuracy, ",78.0,",models, ","Counter({'InceptionResNetV2': 1, 'DenseNet201': 1})",",",2,",","[[['NASNetMobile', <tensorflow.python.keras.engine.functional.Functional object at 0x7fb053c2e240>]]]"
"batchId ,",118.0,",overall_accuracy, ",75.2542372881356,",step_accuracy, ",70.0,",models, ","Counter({'InceptionResNetV2': 1, 'DenseNet201': 1, 'NASNetMobile': 1})",",",3,",",['NASNetMobile']
"batchId ,",119.0,",overall_accuracy, ",75.28151260504201,",step_accuracy, ",78.5,",models, ","Counter({'InceptionResNetV2': 1, 'DenseNet201': 1})",",",2,",","[[['NASNetMobile', <tensorflow.python.keras.engine.functional.Functional object at 0x7fb04e1147b8>]]]"
"batchId ,",120.0,",overall_accuracy, ",75.29583333333333,",step_accuracy, ",77.0,",models, ","Counter({'InceptionResNetV2': 1, 'DenseNet201': 1})",",",2,",",None
"batchId ,",121.0,",overall_accuracy, ",75.32644628099173,",step_accuracy, ",79.0,",models, ","Counter({'InceptionResNetV2': 1, 'DenseNet201': 1})",",",2,",",None
"batchId ,",122.0,",overall_accuracy, ",75.30737704918032,",step_accuracy, ",73.0,",models, ","Counter({'InceptionResNetV2': 1, 'DenseNet201': 1, 'NASNetMobile': 1})",",",3,",",['NASNetMobile']
"batchId ,",123.0,",overall_accuracy, ",75.32520325203252,",step_accuracy, ",77.5,",models, ","Counter({'InceptionResNetV2': 1, 'DenseNet201': 1, 'NASNetMobile': 1})",",",3,",",None
"batchId ,",124.0,",overall_accuracy, ",75.29032258064517,",step_accuracy, ",71.0,",models, ","Counter({'InceptionResNetV2': 1, 'DenseNet201': 1, 'NASNetMobile': 1, 'DenseNet121': 1})",",",4,",",['DenseNet121']
"batchId ,",125.0,",overall_accuracy, ",75.276,",step_accuracy, ",73.5,",models, ","Counter({'InceptionResNetV2': 1, 'DenseNet201': 1, 'NASNetMobile': 1, 'DenseNet121': 1, 'Xception': 1})",",",5,",",['Xception']
"batchId ,",126.0,",overall_accuracy, ",75.26587301587301,",step_accuracy, ",74.0,",models, ","Counter({'InceptionResNetV2': 1, 'DenseNet201': 1, 'NASNetMobile': 1, 'DenseNet121': 1, 'Xception': 1, 'MobileNet': 1})",",",6,",",['MobileNet']
"batchId ,",127.0,",overall_accuracy, ",75.25590551181102,",step_accuracy, ",74.0,",models, ","Counter({'InceptionResNetV2': 1, 'DenseNet201': 1, 'NASNetMobile': 1, 'DenseNet121': 1, 'Xception': 1, 'MobileNet': 1, 'MobileNetV2': 1})",",",7,",",['MobileNetV2']
"batchId ,",128.0,",overall_accuracy, ",75.2421875,",step_accuracy, ",73.5,",models, ","Counter({'InceptionResNetV2': 1, 'DenseNet201': 1, 'NASNetMobile': 1, 'DenseNet121': 1, 'Xception': 1, 'MobileNet': 1, 'MobileNetV2': 1, 'InceptionV3': 1})",",",8,",",['InceptionV3']
"batchId ,",129.0,",overall_accuracy, ",75.22868217054264,",step_accuracy, ",73.5,",models, ","Counter({'InceptionResNetV2': 1, 'DenseNet201': 1, 'NASNetMobile': 1, 'DenseNet121': 1, 'Xception': 1, 'MobileNet': 1, 'MobileNetV2': 1, 'InceptionV3': 1, 'ResNet50V2': 1})",",",9,",",['ResNet50V2']
"batchId ,",130.0,",overall_accuracy, ",75.24615384615385,",step_accuracy, ",77.5,",models, ","Counter({'InceptionResNetV2': 1, 'DenseNet201': 1, 'NASNetMobile': 1, 'DenseNet121': 1, 'Xception': 1, 'MobileNet': 1, 'MobileNetV2': 1, 'InceptionV3': 1, 'ResNet50V2': 1})",",",9,",",None
"batchId ,",131.0,",overall_accuracy, ",75.2442748091603,",step_accuracy, ",75.0,",models, ","Counter({'InceptionResNetV2': 1, 'DenseNet201': 1, 'NASNetMobile': 1, 'DenseNet121': 1, 'Xception': 1, 'MobileNet': 1, 'MobileNetV2': 1, 'InceptionV3': 1, 'ResNet50V2': 1})",",",9,",",None
"batchId ,",132.0,",overall_accuracy, ",75.23106060606061,",step_accuracy, ",73.5,",models, ","Counter({'InceptionResNetV2': 1, 'DenseNet201': 1, 'NASNetMobile': 1, 'DenseNet121': 1, 'Xception': 1, 'MobileNet': 1, 'MobileNetV2': 1, 'InceptionV3': 1, 'ResNet50V2': 1, 'ResNet50': 1})",",",10,",",['ResNet50']
"batchId ,",133.0,",overall_accuracy, ",75.19172932330828,",step_accuracy, ",70.0,",models, ","Counter({'InceptionResNetV2': 1, 'DenseNet201': 1, 'NASNetMobile': 1, 'DenseNet121': 1, 'Xception': 1, 'MobileNet': 1, 'MobileNetV2': 1, 'InceptionV3': 1, 'ResNet50V2': 1, 'ResNet50': 1})",",",10,",",None
"batchId ,",134.0,",overall_accuracy, ",75.19776119402985,",step_accuracy, ",76.0,",models, ","Counter({'InceptionResNetV2': 1, 'DenseNet201': 1, 'NASNetMobile': 1, 'DenseNet121': 1, 'Xception': 1, 'MobileNet': 1, 'MobileNetV2': 1, 'InceptionV3': 1, 'ResNet50V2': 1, 'ResNet50': 1})",",",10,",",None
"batchId ,",135.0,",overall_accuracy, ",75.20740740740742,",step_accuracy, ",76.5,",models, ","Counter({'InceptionResNetV2': 1, 'DenseNet201': 1, 'NASNetMobile': 1, 'DenseNet121': 1, 'Xception': 1, 'MobileNet': 1, 'MobileNetV2': 1, 'InceptionV3': 1, 'ResNet50V2': 1, 'ResNet50': 1})",",",10,",",None
"batchId ,",136.0,",overall_accuracy, ",75.23161764705883,",step_accuracy, ",78.5,",models, ","Counter({'InceptionResNetV2': 1, 'DenseNet201': 1, 'NASNetMobile': 1, 'DenseNet121': 1, 'Xception': 1, 'MobileNet': 1, 'InceptionV3': 1})",",",7,",","[[['ResNet50', <tensorflow.python.keras.engine.functional.Functional object at 0x7fb048a6f940>]], [['ResNet50V2', <tensorflow.python.keras.engine.functional.Functional object at 0x7fb049192860>]], [['MobileNetV2', <tensorflow.python.keras.engine.functional.Functional object at 0x7fb04a47e0b8>]]]"
"batchId ,",137.0,",overall_accuracy, ",75.23357664233576,",step_accuracy, ",75.5,",models, ","Counter({'InceptionResNetV2': 1, 'DenseNet201': 1, 'NASNetMobile': 1, 'DenseNet121': 1, 'Xception': 1, 'MobileNet': 1, 'InceptionV3': 1})",",",7,",",None
"batchId ,",138.0,",overall_accuracy, ",75.23913043478261,",step_accuracy, ",76.0,",models, ","Counter({'InceptionResNetV2': 1, 'DenseNet201': 1, 'NASNetMobile': 1, 'DenseNet121': 1, 'Xception': 1, 'MobileNet': 1, 'InceptionV3': 1})",",",7,",",None
"batchId ,",139.0,",overall_accuracy, ",75.25179856115109,",step_accuracy, ",77.0,",models, ","Counter({'InceptionResNetV2': 1, 'DenseNet201': 1, 'NASNetMobile': 1, 'DenseNet121': 1, 'Xception': 1, 'MobileNet': 1, 'InceptionV3': 1})",",",7,",",None
"batchId ,",140.0,",overall_accuracy, ",75.28928571428571,",step_accuracy, ",80.5,",models, ","Counter({'InceptionResNetV2': 1, 'DenseNet201': 1, 'NASNetMobile': 1, 'Xception': 1})",",",4,",","[[['InceptionV3', <tensorflow.python.keras.engine.functional.Functional object at 0x7fb049883d30>]], [['DenseNet121', <tensorflow.python.keras.engine.functional.Functional object at 0x7fb04b4f7390>]], [['MobileNet', <tensorflow.python.keras.engine.functional.Functional object at 0x7fb04aad14a8>]]]"
"batchId ,",141.0,",overall_accuracy, ",75.29432624113475,",step_accuracy, ",76.0,",models, ","Counter({'InceptionResNetV2': 1, 'DenseNet201': 1, 'NASNetMobile': 1, 'Xception': 1})",",",4,",",None
"batchId ,",142.0,",overall_accuracy, ",75.28521126760563,",step_accuracy, ",74.0,",models, ","Counter({'InceptionResNetV2': 1, 'DenseNet201': 1, 'NASNetMobile': 1, 'Xception': 1, 'DenseNet121': 1})",",",5,",",['DenseNet121']
"batchId ,",143.0,",overall_accuracy, ",75.2972027972028,",step_accuracy, ",77.0,",models, ","Counter({'InceptionResNetV2': 1, 'DenseNet201': 1, 'NASNetMobile': 1, 'Xception': 1, 'DenseNet121': 1})",",",5,",",None
"batchId ,",144.0,",overall_accuracy, ",75.30208333333334,",step_accuracy, ",76.0,",models, ","Counter({'InceptionResNetV2': 1, 'DenseNet201': 1, 'NASNetMobile': 1, 'Xception': 1, 'DenseNet121': 1})",",",5,",",None
"batchId ,",145.0,",overall_accuracy, ",75.30689655172414,",step_accuracy, ",76.0,",models, ","Counter({'InceptionResNetV2': 1, 'DenseNet201': 1, 'NASNetMobile': 1, 'Xception': 1, 'DenseNet121': 1})",",",5,",",None
"batchId ,",146.0,",overall_accuracy, ",75.32191780821917,",step_accuracy, ",77.5,",models, ","Counter({'InceptionResNetV2': 1, 'DenseNet201': 1, 'NASNetMobile': 1, 'Xception': 1, 'DenseNet121': 1})",",",5,",",None
"batchId ,",147.0,",overall_accuracy, ",75.34693877551021,",step_accuracy, ",79.0,",models, ","Counter({'InceptionResNetV2': 1, 'DenseNet201': 1, 'NASNetMobile': 1})",",",3,",","[[['Xception', <tensorflow.python.keras.engine.functional.Functional object at 0x7fb04ae94c88>]], [['DenseNet121', <tensorflow.python.keras.engine.functional.Functional object at 0x7fb047bf0320>]]]"
"batchId ,",148.0,",overall_accuracy, ",75.3445945945946,",step_accuracy, ",75.0,",models, ","Counter({'InceptionResNetV2': 1, 'DenseNet201': 1, 'NASNetMobile': 1})",",",3,",",None
"batchId ,",149.0,",overall_accuracy, ",75.3255033557047,",step_accuracy, ",72.5,",models, ","Counter({'InceptionResNetV2': 1, 'DenseNet201': 1, 'NASNetMobile': 1, 'DenseNet121': 1})",",",4,",",['DenseNet121']
"batchId ,",150.0,",overall_accuracy, ",75.33,",step_accuracy, ",76.0,",models, ","Counter({'InceptionResNetV2': 1, 'DenseNet201': 1, 'NASNetMobile': 1, 'DenseNet121': 1})",",",4,",",None
"batchId ,",151.0,",overall_accuracy, ",75.32119205298014,",step_accuracy, ",74.0,",models, ","Counter({'InceptionResNetV2': 1, 'DenseNet201': 1, 'NASNetMobile': 1, 'DenseNet121': 1, 'Xception': 1})",",",5,",",['Xception']
"batchId ,",152.0,",overall_accuracy, ",75.31907894736842,",step_accuracy, ",75.0,",models, ","Counter({'InceptionResNetV2': 1, 'DenseNet201': 1, 'NASNetMobile': 1, 'DenseNet121': 1, 'Xception': 1})",",",5,",",None
"batchId ,",153.0,",overall_accuracy, ",75.34313725490196,",step_accuracy, ",79.0,",models, ","Counter({'InceptionResNetV2': 1, 'DenseNet201': 1, 'NASNetMobile': 1})",",",3,",","[[['Xception', <tensorflow.python.keras.engine.functional.Functional object at 0x7fb04661ecc0>]], [['DenseNet121', <tensorflow.python.keras.engine.functional.Functional object at 0x7fb046c08128>]]]"
"batchId ,",154.0,",overall_accuracy, ",75.3474025974026,",step_accuracy, ",76.0,",models, ","Counter({'InceptionResNetV2': 1, 'DenseNet201': 1, 'NASNetMobile': 1})",",",3,",",None
"batchId ,",155.0,",overall_accuracy, ",75.32903225806452,",step_accuracy, ",72.5,",models, ","Counter({'InceptionResNetV2': 1, 'DenseNet201': 1, 'NASNetMobile': 1, 'DenseNet121': 1})",",",4,",",['DenseNet121']
"batchId ,",156.0,",overall_accuracy, ",75.34294871794872,",step_accuracy, ",77.5,",models, ","Counter({'InceptionResNetV2': 1, 'DenseNet201': 1, 'NASNetMobile': 1, 'DenseNet121': 1})",",",4,",",None
"batchId ,",157.0,",overall_accuracy, ",75.37898089171975,",step_accuracy, ",81.0,",models, ","Counter({'InceptionResNetV2': 1, 'DenseNet201': 1, 'NASNetMobile': 1})",",",3,",","[[['DenseNet121', <tensorflow.python.keras.engine.functional.Functional object at 0x7fb0456ce160>]]]"
"batchId ,",158.0,",overall_accuracy, ",75.39240506329114,",step_accuracy, ",77.5,",models, ","Counter({'InceptionResNetV2': 1, 'DenseNet201': 1, 'NASNetMobile': 1})",",",3,",",None
"batchId ,",159.0,",overall_accuracy, ",75.38364779874213,",step_accuracy, ",74.0,",models, ","Counter({'InceptionResNetV2': 1, 'DenseNet201': 1, 'NASNetMobile': 1, 'DenseNet121': 1})",",",4,",",['DenseNet121']
"batchId ,",160.0,",overall_accuracy, ",75.409375,",step_accuracy, ",79.5,",models, ","Counter({'InceptionResNetV2': 1, 'DenseNet201': 1, 'NASNetMobile': 1})",",",3,",","[[['DenseNet121', <tensorflow.python.keras.engine.functional.Functional object at 0x7fb044705208>]]]"
"batchId ,",161.0,",overall_accuracy, ",75.36645962732919,",step_accuracy, ",68.5,",models, ","Counter({'InceptionResNetV2': 1, 'DenseNet201': 1, 'NASNetMobile': 1, 'DenseNet121': 1})",",",4,",",['DenseNet121']
"batchId ,",162.0,",overall_accuracy, ",75.37962962962963,",step_accuracy, ",77.5,",models, ","Counter({'InceptionResNetV2': 1, 'DenseNet201': 1, 'NASNetMobile': 1, 'DenseNet121': 1})",",",4,",",None
"batchId ,",163.0,",overall_accuracy, ",75.3680981595092,",step_accuracy, ",73.5,",models, ","Counter({'InceptionResNetV2': 1, 'DenseNet201': 1, 'NASNetMobile': 1, 'DenseNet121': 1, 'Xception': 1})",",",5,",",['Xception']
"batchId ,",164.0,",overall_accuracy, ",75.36585365853658,",step_accuracy, ",75.0,",models, ","Counter({'InceptionResNetV2': 1, 'DenseNet201': 1, 'NASNetMobile': 1, 'DenseNet121': 1, 'Xception': 1})",",",5,",",None
"batchId ,",165.0,",overall_accuracy, ",75.38484848484849,",step_accuracy, ",78.5,",models, ","Counter({'DenseNet201': 1, 'NASNetMobile': 1, 'DenseNet121': 1})",",",3,",","[[['Xception', <tensorflow.python.keras.engine.functional.Functional object at 0x7fb04314f828>]], [('InceptionResNetV2', <tensorflow.python.keras.engine.functional.Functional object at 0x7fb1146150f0>)]]"
"batchId ,",166.0,",overall_accuracy, ",75.36445783132531,",step_accuracy, ",72.0,",models, ","Counter({'DenseNet201': 1, 'NASNetMobile': 1, 'DenseNet121': 1, 'InceptionResNetV2': 1})",",",4,",",['InceptionResNetV2']
"batchId ,",167.0,",overall_accuracy, ",75.37724550898204,",step_accuracy, ",77.5,",models, ","Counter({'DenseNet201': 1, 'NASNetMobile': 1, 'DenseNet121': 1, 'InceptionResNetV2': 1})",",",4,",",None
"batchId ,",168.0,",overall_accuracy, ",75.38392857142857,",step_accuracy, ",76.5,",models, ","Counter({'DenseNet201': 1, 'NASNetMobile': 1, 'DenseNet121': 1, 'InceptionResNetV2': 1})",",",4,",",None
"batchId ,",169.0,",overall_accuracy, ",75.42307692307692,",step_accuracy, ",82.0,",models, ","Counter({'DenseNet201': 1, 'DenseNet121': 1, 'InceptionResNetV2': 1})",",",3,",","[[['NASNetMobile', <tensorflow.python.keras.engine.functional.Functional object at 0x7fb04c576da0>]]]"
"batchId ,",170.0,",overall_accuracy, ",75.44999999999999,",step_accuracy, ",80.0,",models, ","Counter({'DenseNet201': 1, 'InceptionResNetV2': 1})",",",2,",","[[['DenseNet121', <tensorflow.python.keras.engine.functional.Functional object at 0x7fb0437be2b0>]]]"
"batchId ,",171.0,",overall_accuracy, ",75.47076023391813,",step_accuracy, ",79.0,",models, ","Counter({'DenseNet201': 1, 'InceptionResNetV2': 1})",",",2,",",None
"batchId ,",172.0,",overall_accuracy, ",75.44186046511628,",step_accuracy, ",70.5,",models, ","Counter({'DenseNet201': 1, 'InceptionResNetV2': 1, 'NASNetMobile': 1})",",",3,",",['NASNetMobile']
"batchId ,",173.0,",overall_accuracy, ",75.43930635838151,",step_accuracy, ",75.0,",models, ","Counter({'DenseNet201': 1, 'InceptionResNetV2': 1, 'NASNetMobile': 1})",",",3,",",None
"batchId ,",174.0,",overall_accuracy, ",75.4367816091954,",step_accuracy, ",75.0,",models, ","Counter({'DenseNet201': 1, 'InceptionResNetV2': 1, 'NASNetMobile': 1})",",",3,",",None
"batchId ,",175.0,",overall_accuracy, ",75.43714285714286,",step_accuracy, ",75.5,",models, ","Counter({'DenseNet201': 1, 'InceptionResNetV2': 1, 'NASNetMobile': 1})",",",3,",",None
"batchId ,",176.0,",overall_accuracy, ",75.42329545454545,",step_accuracy, ",73.0,",models, ","Counter({'DenseNet201': 1, 'InceptionResNetV2': 1, 'NASNetMobile': 1, 'DenseNet121': 1})",",",4,",",['DenseNet121']
"batchId ,",177.0,",overall_accuracy, ",75.45197740112994,",step_accuracy, ",80.5,",models, ","Counter({'DenseNet201': 1, 'InceptionResNetV2': 1, 'NASNetMobile': 1})",",",3,",","[[['DenseNet121', <tensorflow.python.keras.engine.functional.Functional object at 0x7fb03eb19eb8>]]]"
"batchId ,",178.0,",overall_accuracy, ",75.45224719101124,",step_accuracy, ",75.5,",models, ","Counter({'DenseNet201': 1, 'InceptionResNetV2': 1, 'NASNetMobile': 1})",",",3,",",None
"batchId ,",179.0,",overall_accuracy, ",75.44413407821229,",step_accuracy, ",74.0,",models, ","Counter({'DenseNet201': 1, 'InceptionResNetV2': 1, 'NASNetMobile': 1, 'DenseNet121': 1})",",",4,",",['DenseNet121']
"batchId ,",180.0,",overall_accuracy, ",75.43333333333334,",step_accuracy, ",73.5,",models, ","Counter({'DenseNet201': 1, 'InceptionResNetV2': 1, 'NASNetMobile': 1, 'DenseNet121': 1, 'Xception': 1})",",",5,",",['Xception']
"batchId ,",181.0,",overall_accuracy, ",75.45027624309392,",step_accuracy, ",78.5,",models, ","Counter({'DenseNet201': 1, 'InceptionResNetV2': 1, 'Xception': 1})",",",3,",","[[['DenseNet121', <tensorflow.python.keras.engine.functional.Functional object at 0x7fb03db54320>]], [['NASNetMobile', <tensorflow.python.keras.engine.functional.Functional object at 0x7fb03fba50b8>]]]"
"batchId ,",182.0,",overall_accuracy, ",75.46428571428572,",step_accuracy, ",78.0,",models, ","Counter({'DenseNet201': 1, 'InceptionResNetV2': 1})",",",2,",","[[['Xception', <tensorflow.python.keras.engine.functional.Functional object at 0x7fb03d5731d0>]]]"
"batchId ,",183.0,",overall_accuracy, ",75.46994535519126,",step_accuracy, ",76.5,",models, ","Counter({'DenseNet201': 1, 'InceptionResNetV2': 1})",",",2,",",None
"batchId ,",184.0,",overall_accuracy, ",75.45108695652173,",step_accuracy, ",72.0,",models, ","Counter({'DenseNet201': 1, 'InceptionResNetV2': 1, 'NASNetMobile': 1})",",",3,",",['NASNetMobile']
"batchId ,",185.0,",overall_accuracy, ",75.4054054054054,",step_accuracy, ",67.0,",models, ","Counter({'DenseNet201': 1, 'InceptionResNetV2': 1, 'NASNetMobile': 1, 'DenseNet121': 1})",",",4,",",['DenseNet121']
"batchId ,",186.0,",overall_accuracy, ",75.41666666666667,",step_accuracy, ",77.5,",models, ","Counter({'DenseNet201': 1, 'InceptionResNetV2': 1, 'NASNetMobile': 1, 'DenseNet121': 1})",",",4,",",None
"batchId ,",187.0,",overall_accuracy, ",75.40374331550802,",step_accuracy, ",73.0,",models, ","Counter({'DenseNet201': 1, 'InceptionResNetV2': 1, 'NASNetMobile': 1, 'DenseNet121': 1, 'Xception': 1})",",",5,",",['Xception']
"batchId ,",188.0,",overall_accuracy, ",75.40159574468085,",step_accuracy, ",75.0,",models, ","Counter({'DenseNet201': 1, 'InceptionResNetV2': 1, 'NASNetMobile': 1, 'DenseNet121': 1, 'Xception': 1})",",",5,",",None
"batchId ,",189.0,",overall_accuracy, ",75.42328042328043,",step_accuracy, ",79.5,",models, ","Counter({'DenseNet201': 1, 'InceptionResNetV2': 1, 'NASNetMobile': 1})",",",3,",","[[['Xception', <tensorflow.python.keras.engine.functional.Functional object at 0x7fb03a426160>]], [['DenseNet121', <tensorflow.python.keras.engine.functional.Functional object at 0x7fb03aa02198>]]]"
"batchId ,",190.0,",overall_accuracy, ",75.42631578947369,",step_accuracy, ",76.0,",models, ","Counter({'DenseNet201': 1, 'InceptionResNetV2': 1, 'NASNetMobile': 1})",",",3,",",None
"batchId ,",191.0,",overall_accuracy, ",75.41884816753927,",step_accuracy, ",74.0,",models, ","Counter({'DenseNet201': 1, 'InceptionResNetV2': 1, 'NASNetMobile': 1, 'DenseNet121': 1})",",",4,",",['DenseNet121']
"batchId ,",192.0,",overall_accuracy, ",75.3984375,",step_accuracy, ",71.5,",models, ","Counter({'DenseNet201': 1, 'InceptionResNetV2': 1, 'NASNetMobile': 1, 'DenseNet121': 1, 'Xception': 1})",",",5,",",['Xception']
"batchId ,",193.0,",overall_accuracy, ",75.39896373056995,",step_accuracy, ",75.5,",models, ","Counter({'DenseNet201': 1, 'InceptionResNetV2': 1, 'NASNetMobile': 1, 'DenseNet121': 1, 'Xception': 1})",",",5,",",None
"batchId ,",194.0,",overall_accuracy, ",75.37886597938144,",step_accuracy, ",71.5,",models, ","Counter({'DenseNet201': 1, 'InceptionResNetV2': 1, 'NASNetMobile': 1, 'DenseNet121': 1, 'Xception': 1, 'MobileNet': 1})",",",6,",",['MobileNet']
"batchId ,",195.0,",overall_accuracy, ",75.41794871794872,",step_accuracy, ",83.0,",models, ","Counter({'DenseNet201': 1, 'InceptionResNetV2': 1, 'NASNetMobile': 1, 'DenseNet121': 1})",",",4,",","[[['Xception', <tensorflow.python.keras.engine.functional.Functional object at 0x7fb038edb0b8>]], [['MobileNet', <tensorflow.python.keras.engine.functional.Functional object at 0x7fb038b0fcf8>]]]"
"batchId ,",196.0,",overall_accuracy, ",75.42602040816327,",step_accuracy, ",77.0,",models, ","Counter({'DenseNet201': 1, 'InceptionResNetV2': 1, 'NASNetMobile': 1, 'DenseNet121': 1})",",",4,",",None
"batchId ,",197.0,",overall_accuracy, ",75.43401015228426,",step_accuracy, ",77.0,",models, ","Counter({'DenseNet201': 1, 'InceptionResNetV2': 1, 'NASNetMobile': 1, 'DenseNet121': 1})",",",4,",",None
"batchId ,",198.0,",overall_accuracy, ",75.43939393939394,",step_accuracy, ",76.5,",models, ","Counter({'DenseNet201': 1, 'InceptionResNetV2': 1, 'NASNetMobile': 1, 'DenseNet121': 1})",",",4,",",None
"batchId ,",199.0,",overall_accuracy, ",75.45477386934674,",step_accuracy, ",78.5,",models, ","Counter({'DenseNet201': 1, 'InceptionResNetV2': 1, 'NASNetMobile': 1})",",",3,",","[[['DenseNet121', <tensorflow.python.keras.engine.functional.Functional object at 0x7fb03953f208>]]]"
"batchId ,",200.0,",overall_accuracy, ",75.465,",step_accuracy, ",77.5,",models, ","Counter({'DenseNet201': 1, 'InceptionResNetV2': 1, 'NASNetMobile': 1})",",",3,",",None
"batchId ,",201.0,",overall_accuracy, ",75.45273631840797,",step_accuracy, ",73.0,",models, ","Counter({'DenseNet201': 1, 'InceptionResNetV2': 1, 'NASNetMobile': 1, 'DenseNet121': 1})",",",4,",",['DenseNet121']
"batchId ,",202.0,",overall_accuracy, ",75.4480198019802,",step_accuracy, ",74.5,",models, ","Counter({'DenseNet201': 1, 'InceptionResNetV2': 1, 'NASNetMobile': 1, 'DenseNet121': 1})",",",4,",",None
"batchId ,",203.0,",overall_accuracy, ",75.44827586206897,",step_accuracy, ",75.5,",models, ","Counter({'DenseNet201': 1, 'InceptionResNetV2': 1, 'NASNetMobile': 1, 'DenseNet121': 1})",",",4,",",None
"batchId ,",204.0,",overall_accuracy, ",75.46323529411765,",step_accuracy, ",78.5,",models, ","Counter({'DenseNet201': 1, 'InceptionResNetV2': 1, 'DenseNet121': 1})",",",3,",","[[['NASNetMobile', <tensorflow.python.keras.engine.functional.Functional object at 0x7fb03baf62b0>]]]"
"batchId ,",205.0,",overall_accuracy, ",75.47073170731707,",step_accuracy, ",77.0,",models, ","Counter({'DenseNet201': 1, 'InceptionResNetV2': 1, 'DenseNet121': 1})",",",3,",",None
"batchId ,",206.0,",overall_accuracy, ",75.45388349514563,",step_accuracy, ",72.0,",models, ","Counter({'DenseNet201': 1, 'InceptionResNetV2': 1, 'DenseNet121': 1, 'NASNetMobile': 1})",",",4,",",['NASNetMobile']
"batchId ,",207.0,",overall_accuracy, ",75.46859903381643,",step_accuracy, ",78.5,",models, ","Counter({'DenseNet201': 1, 'InceptionResNetV2': 1, 'NASNetMobile': 1})",",",3,",","[[['DenseNet121', <tensorflow.python.keras.engine.functional.Functional object at 0x7fb037c18278>]]]"
"batchId ,",208.0,",overall_accuracy, ",75.46153846153845,",step_accuracy, ",74.0,",models, ","Counter({'DenseNet201': 1, 'InceptionResNetV2': 1, 'NASNetMobile': 1, 'DenseNet121': 1})",",",4,",",['DenseNet121']
"batchId ,",209.0,",overall_accuracy, ",75.45933014354067,",step_accuracy, ",75.0,",models, ","Counter({'DenseNet201': 1, 'InceptionResNetV2': 1, 'NASNetMobile': 1, 'DenseNet121': 1})",",",4,",",None
"batchId ,",210.0,",overall_accuracy, ",75.45238095238095,",step_accuracy, ",74.0,",models, ","Counter({'DenseNet201': 1, 'InceptionResNetV2': 1, 'NASNetMobile': 1, 'DenseNet121': 1, 'Xception': 1})",",",5,",",['Xception']
"batchId ,",211.0,",overall_accuracy, ",75.44075829383885,",step_accuracy, ",73.0,",models, ","Counter({'DenseNet201': 1, 'InceptionResNetV2': 1, 'NASNetMobile': 1, 'DenseNet121': 1, 'Xception': 1, 'MobileNet': 1})",",",6,",",['MobileNet']
"batchId ,",212.0,",overall_accuracy, ",75.45283018867924,",step_accuracy, ",78.0,",models, ","Counter({'DenseNet201': 1, 'InceptionResNetV2': 1, 'NASNetMobile': 1, 'Xception': 1})",",",4,",","[[['MobileNet', <tensorflow.python.keras.engine.functional.Functional object at 0x7fb034687630>]], [['DenseNet121', <tensorflow.python.keras.engine.functional.Functional object at 0x7fb0350bda20>]]]"
"batchId ,",213.0,",overall_accuracy, ",75.43427230046949,",step_accuracy, ",71.5,",models, ","Counter({'DenseNet201': 1, 'InceptionResNetV2': 1, 'NASNetMobile': 1, 'Xception': 1, 'DenseNet121': 1})",",",5,",",['DenseNet121']
"batchId ,",214.0,",overall_accuracy, ",75.46028037383178,",step_accuracy, ",81.0,",models, ","Counter({'InceptionResNetV2': 1, 'Xception': 1, 'DenseNet121': 1})",",",3,",","[[['NASNetMobile', <tensorflow.python.keras.engine.functional.Functional object at 0x7fb036093400>]], [['DenseNet201', <tensorflow.python.keras.engine.functional.Functional object at 0x7fb05223f198>]]]"
"batchId ,",215.0,",overall_accuracy, ",75.43488372093023,",step_accuracy, ",70.0,",models, ","Counter({'InceptionResNetV2': 1, 'Xception': 1, 'DenseNet121': 1, 'DenseNet201': 1})",",",4,",",['DenseNet201']
"batchId ,",216.0,",overall_accuracy, ",75.44675925925925,",step_accuracy, ",78.0,",models, ","Counter({'InceptionResNetV2': 1, 'Xception': 1, 'DenseNet201': 1})",",",3,",","[[['DenseNet121', <tensorflow.python.keras.engine.functional.Functional object at 0x7fb0337b05f8>]]]"
"batchId ,",217.0,",overall_accuracy, ",75.46082949308756,",step_accuracy, ",78.5,",models, ","Counter({'InceptionResNetV2': 1, 'DenseNet201': 1})",",",2,",","[[['Xception', <tensorflow.python.keras.engine.functional.Functional object at 0x7fb034a44668>]]]"
"batchId ,",218.0,",overall_accuracy, ",75.44954128440367,",step_accuracy, ",73.0,",models, ","Counter({'InceptionResNetV2': 1, 'DenseNet201': 1, 'NASNetMobile': 1})",",",3,",",['NASNetMobile']
"batchId ,",219.0,",overall_accuracy, ",75.4703196347032,",step_accuracy, ",80.0,",models, ","Counter({'InceptionResNetV2': 1, 'DenseNet201': 1})",",",2,",","[[['NASNetMobile', <tensorflow.python.keras.engine.functional.Functional object at 0x7fb0302490b8>]]]"
"batchId ,",220.0,",overall_accuracy, ",75.45227272727273,",step_accuracy, ",71.5,",models, ","Counter({'InceptionResNetV2': 1, 'DenseNet201': 1, 'NASNetMobile': 1})",",",3,",",['NASNetMobile']
"batchId ,",221.0,",overall_accuracy, ",75.43438914027149,",step_accuracy, ",71.5,",models, ","Counter({'InceptionResNetV2': 1, 'DenseNet201': 1, 'NASNetMobile': 1, 'DenseNet121': 1})",",",4,",",['DenseNet121']
"batchId ,",222.0,",overall_accuracy, ",75.44144144144144,",step_accuracy, ",77.0,",models, ","Counter({'InceptionResNetV2': 1, 'DenseNet201': 1, 'NASNetMobile': 1, 'DenseNet121': 1})",",",4,",",None
"batchId ,",223.0,",overall_accuracy, ",75.4237668161435,",step_accuracy, ",71.5,",models, ","Counter({'InceptionResNetV2': 1, 'DenseNet201': 1, 'NASNetMobile': 1, 'DenseNet121': 1, 'Xception': 1})",",",5,",",['Xception']
"batchId ,",224.0,",overall_accuracy, ",75.41071428571429,",step_accuracy, ",72.5,",models, ","Counter({'InceptionResNetV2': 1, 'DenseNet201': 1, 'NASNetMobile': 1, 'DenseNet121': 1, 'Xception': 1, 'MobileNet': 1})",",",6,",",['MobileNet']
"batchId ,",225.0,",overall_accuracy, ",75.41111111111111,",step_accuracy, ",75.5,",models, ","Counter({'InceptionResNetV2': 1, 'DenseNet201': 1, 'NASNetMobile': 1, 'DenseNet121': 1, 'Xception': 1, 'MobileNet': 1})",",",6,",",None
"batchId ,",226.0,",overall_accuracy, ",75.41371681415929,",step_accuracy, ",76.0,",models, ","Counter({'InceptionResNetV2': 1, 'DenseNet201': 1, 'NASNetMobile': 1, 'DenseNet121': 1, 'Xception': 1, 'MobileNet': 1})",",",6,",",None
"batchId ,",227.0,",overall_accuracy, ",75.4251101321586,",step_accuracy, ",78.0,",models, ","Counter({'InceptionResNetV2': 1, 'DenseNet201': 1, 'DenseNet121': 1, 'MobileNet': 1})",",",4,",","[[['Xception', <tensorflow.python.keras.engine.functional.Functional object at 0x7fb02d036ba8>]], [['NASNetMobile', <tensorflow.python.keras.engine.functional.Functional object at 0x7fb02e6b1438>]]]"
"batchId ,",228.0,",overall_accuracy, ",75.43859649122807,",step_accuracy, ",78.5,",models, ","Counter({'InceptionResNetV2': 1, 'DenseNet201': 1, 'DenseNet121': 1})",",",3,",","[[['MobileNet', <tensorflow.python.keras.engine.functional.Functional object at 0x7fb02cc6ddd8>]]]"
"batchId ,",229.0,",overall_accuracy, ",75.43231441048034,",step_accuracy, ",74.0,",models, ","Counter({'InceptionResNetV2': 1, 'DenseNet201': 1, 'DenseNet121': 1, 'NASNetMobile': 1})",",",4,",",['NASNetMobile']
"batchId ,",230.0,",overall_accuracy, ",75.45434782608696,",step_accuracy, ",80.5,",models, ","Counter({'InceptionResNetV2': 1, 'DenseNet201': 1, 'NASNetMobile': 1})",",",3,",","[[['DenseNet121', <tensorflow.python.keras.engine.functional.Functional object at 0x7fb02d61c128>]]]"
"batchId ,",231.0,",overall_accuracy, ",75.45021645021644,",step_accuracy, ",74.5,",models, ","Counter({'InceptionResNetV2': 1, 'DenseNet201': 1, 'NASNetMobile': 1})",",",3,",",None
"batchId ,",232.0,",overall_accuracy, ",75.45043103448276,",step_accuracy, ",75.5,",models, ","Counter({'InceptionResNetV2': 1, 'DenseNet201': 1, 'NASNetMobile': 1})",",",3,",",None
"batchId ,",233.0,",overall_accuracy, ",75.45708154506437,",step_accuracy, ",77.0,",models, ","Counter({'InceptionResNetV2': 1, 'DenseNet201': 1, 'NASNetMobile': 1})",",",3,",",None
"batchId ,",234.0,",overall_accuracy, ",75.46581196581197,",step_accuracy, ",77.5,",models, ","Counter({'InceptionResNetV2': 1, 'DenseNet201': 1, 'NASNetMobile': 1})",",",3,",",None
"batchId ,",235.0,",overall_accuracy, ",75.47446808510638,",step_accuracy, ",77.5,",models, ","Counter({'InceptionResNetV2': 1, 'DenseNet201': 1, 'NASNetMobile': 1})",",",3,",",None
"batchId ,",236.0,",overall_accuracy, ",75.47669491525424,",step_accuracy, ",76.0,",models, ","Counter({'InceptionResNetV2': 1, 'DenseNet201': 1, 'NASNetMobile': 1})",",",3,",",None
"batchId ,",237.0,",overall_accuracy, ",75.47679324894516,",step_accuracy, ",75.5,",models, ","Counter({'InceptionResNetV2': 1, 'DenseNet201': 1, 'NASNetMobile': 1})",",",3,",",None
"batchId ,",238.0,",overall_accuracy, ",75.44957983193278,",step_accuracy, ",69.0,",models, ","Counter({'InceptionResNetV2': 1, 'DenseNet201': 1, 'NASNetMobile': 1, 'DenseNet121': 1})",",",4,",",['DenseNet121']
"batchId ,",239.0,",overall_accuracy, ",75.4518828451883,",step_accuracy, ",76.0,",models, ","Counter({'InceptionResNetV2': 1, 'DenseNet201': 1, 'NASNetMobile': 1, 'DenseNet121': 1})",",",4,",",None
"batchId ,",240.0,",overall_accuracy, ",75.43125,",step_accuracy, ",70.5,",models, ","Counter({'InceptionResNetV2': 1, 'DenseNet201': 1, 'NASNetMobile': 1, 'DenseNet121': 1, 'Xception': 1})",",",5,",",['Xception']
"batchId ,",241.0,",overall_accuracy, ",75.4253112033195,",step_accuracy, ",74.0,",models, ","Counter({'InceptionResNetV2': 1, 'DenseNet201': 1, 'NASNetMobile': 1, 'DenseNet121': 1, 'Xception': 1, 'MobileNet': 1})",",",6,",",['MobileNet']
"batchId ,",242.0,",overall_accuracy, ",75.42355371900827,",step_accuracy, ",75.0,",models, ","Counter({'InceptionResNetV2': 1, 'DenseNet201': 1, 'NASNetMobile': 1, 'DenseNet121': 1, 'Xception': 1, 'MobileNet': 1})",",",6,",",None
"batchId ,",243.0,",overall_accuracy, ",75.43004115226337,",step_accuracy, ",77.0,",models, ","Counter({'InceptionResNetV2': 1, 'DenseNet201': 1, 'NASNetMobile': 1, 'DenseNet121': 1, 'Xception': 1, 'MobileNet': 1})",",",6,",",None
"batchId ,",244.0,",overall_accuracy, ",75.43647540983606,",step_accuracy, ",77.0,",models, ","Counter({'InceptionResNetV2': 1, 'DenseNet201': 1, 'NASNetMobile': 1, 'DenseNet121': 1, 'Xception': 1, 'MobileNet': 1})",",",6,",",None
"batchId ,",245.0,",overall_accuracy, ",75.45102040816326,",step_accuracy, ",79.0,",models, ","Counter({'InceptionResNetV2': 1, 'DenseNet201': 1, 'NASNetMobile': 1, 'DenseNet121': 1})",",",4,",","[[['Xception', <tensorflow.python.keras.engine.functional.Functional object at 0x7fb029b72d68>]], [['MobileNet', <tensorflow.python.keras.engine.functional.Functional object at 0x7fb0297aa3c8>]]]"
"batchId ,",246.0,",overall_accuracy, ",75.46951219512195,",step_accuracy, ",80.0,",models, ","Counter({'InceptionResNetV2': 1, 'DenseNet201': 1, 'DenseNet121': 1})",",",3,",","[[['NASNetMobile', <tensorflow.python.keras.engine.functional.Functional object at 0x7fb02b1ba358>]]]"
"batchId ,",247.0,",overall_accuracy, ",75.46153846153845,",step_accuracy, ",73.5,",models, ","Counter({'InceptionResNetV2': 1, 'DenseNet201': 1, 'DenseNet121': 1, 'NASNetMobile': 1})",",",4,",",['NASNetMobile']
"batchId ,",248.0,",overall_accuracy, ",75.44354838709677,",step_accuracy, ",71.0,",models, ","Counter({'InceptionResNetV2': 1, 'DenseNet201': 1, 'DenseNet121': 1, 'NASNetMobile': 1, 'Xception': 1})",",",5,",",['Xception']
"batchId ,",249.0,",overall_accuracy, ",75.45983935742971,",step_accuracy, ",79.5,",models, ","Counter({'InceptionResNetV2': 1, 'DenseNet201': 1, 'NASNetMobile': 1})",",",3,",","[[['DenseNet121', <tensorflow.python.keras.engine.functional.Functional object at 0x7fb02a157160>]], [['Xception', <tensorflow.python.keras.engine.functional.Functional object at 0x7fb027602898>]]]"
"batchId ,",250.0,",overall_accuracy, ",75.44999999999999,",step_accuracy, ",73.0,",models, ","Counter({'InceptionResNetV2': 1, 'DenseNet201': 1, 'NASNetMobile': 1, 'DenseNet121': 1})",",",4,",",['DenseNet121']
